6707edc4-d0be-4211-9da5-b69373d8e53c,"1,324","3,947"
3a1a8a0e-c949-4866-ad48-658b488402bd,"1,324","3,947"
f7337dbc-c935-4dd6-a23a-0d94a463d592,"1,324","3,947"
c48e6ba1-77ec-41e3-aaf4-4c59713aba80,"1,324","3,947"
399d2167-58f8-4d13-ab0e-7578f85f3889,0,0
cb18651d-22bc-47d2-894e-fcb281dcfab3,0,0
fb40c2b3-39b5-46ea-93e6-18f260c177ea,0,0
360bf643-c8a5-4ecf-87c7-5ec7cb24adc7,0,0
3e11d166-30a6-4fb4-a4ec-559ff10c2a49,0,0
7728d841-b079-4079-9320-67c283bd0888,0,0
3f0b1819-84ba-429d-aeed-0bdf4cadb585,0,0
1ac5058a-b968-4d42-9c46-96144c4c52f0,0,0
c6c8f906-95ff-402f-8478-30e53172c4a0,0,0
1143103c-ae33-4f43-b2be-4145fcddd92d,0,0
ca2839e7-7154-4f03-becb-5bb8216ac63f,0,0
4b14da36-477e-4146-84fe-045d494397ed,0,0
2ccc4b60-535a-4d73-bdb2-c2cef238f576,0,0
b657a1f1-808f-4713-aa3a-d70997515d8e,0,0
00f74a77-b6d7-4701-9f9e-7c61835688dc,0,0
29ebbdf0-de4e-44b0-a92b-9eea97c8b1ac,0,0
e79cf70a-4608-45ed-ac6c-2868c805934b,0,0
c1ac2fa9-226f-4de5-a98f-e188590635bd,0,0
8c841294-2888-42cd-83e4-4244e6624cee,0,0
f2a8d40e-cc76-4565-a528-3cea911e0f04,0,0
d2f78cef-c421-4dbd-b4c1-edafb4d97416,0,0
8a489e4b-b8ab-41f0-9072-94274a94601d,0,0
b1c939c5-eaf8-4b59-ac02-f9ecf0ff19aa,0,0
b7a1efac-9744-4afc-964a-79dc94d02b11,0,0
944a4c12-17dd-471e-b7bf-4968c720695f,0,0
afe107db-c6d8-4083-b329-1b361bed347b,0,0
34ac895a-4172-41ba-aa50-3ae6025eb468,0,0
2dbe9170-67c9-48bd-8a73-78e417fe3163,0,0
d92d1be9-eb64-4044-8d27-00f6a9cc5bfd,0,0
aef8ffe1-1853-45da-9e4e-8cfff04cd526,0,0
487e1bf3-67be-4470-afe7-7c3bbc4a1284,0,0
0af04ce5-2b35-4e43-a2f1-0d6ed09b5252,0,0
8f836a8b-1634-429f-8595-6ab7eb114842,0,0
28452b91-5fa9-40aa-a881-ba987417f22e,0,0
65a26927-5891-44d8-9211-d580c65ebce4,0,0
b3034201-79b2-4d92-bd37-0c1f6924102c,0,0
97a18f55-f3fe-4332-856e-ba28dddd4e89,0,0
b2ff4fb0-88b8-43e8-b2eb-48e724964acf,0,0
5f4ecb35-f1cd-4efb-89a0-b0e5cfb1780c,0,0
07ac4b71-f4a8-41e2-87c5-80d6103c4fa4,0,0
1a80cb94-1f37-45cb-a2d5-bbf010efc0bc,0,0
3a3432ec-fc7a-43a6-a788-15587d1edccf,0,0
d800897d-a668-43c4-be3f-625fd4743b53,0,0
1253f54d-0770-4966-b5ce-a2d96a5823ee,0,0
7f3a5439-3c2f-414d-bcb8-c6eefb935913,0,0
706fa0e8-007e-41e8-acba-091a969f74bd,0,0
64a55be1-897f-48c0-bf6f-837cdac44715,0,0
9e3f333a-d414-4b69-997e-21a0bda0e2c4,0,0
4e232763-6531-4c88-80e6-cef96a2f1d86,0,0
06a587d9-817c-4cbd-af45-a6ddacc8711f,0,0
e41ffbc1-bb97-41cf-b5c2-908053deab56,0,0
71b8033e-8318-4ae9-837e-a3c99e003c74,0,0
96695ea9-0959-477a-923c-2c8819239866,0,0
58bc4d00-f777-4774-9e15-152bda227654,0,0
dba3abc9-103f-4e82-8137-e26d5062655a,0,0
f6c76429-e9b7-4419-a524-0fa5cd8bed95,0,0
a847334d-a6b7-4a5e-9fb4-7d58cb31b595,0,0
0a048bfb-9639-4993-8771-9ed7b259071a,0,0
0d6b375b-e3b8-4ecf-ade0-c165311afcf7,0,0
375de539-4362-427e-a0ca-299dce05913a,0,0
68476d27-4e7a-4e6e-920d-ec0b56afa149,0,0
0b98e8bd-6ade-46de-a296-d0f14a5845fc,0,0
2a10c104-75d3-4744-a382-9d1cb2af91d4,0,0
a078ae83-e65a-4669-aa92-36adc62ee7bf,0,0
c1ab1de4-ff79-48ef-b486-c5dc0c748c92,0,0
f51087cf-7b43-4b33-a4c6-61925221adde,0,0
6704170c-4561-4d9a-826b-ee258559ec81,0,0
0cb5f9f8-e807-4896-962b-798999a674c3,0,0
5937c1a3-b238-46f6-920c-8001f74735da,0,0
0dec2639-64b1-4c3c-85cb-bd36f7fc6948,0,0
f1f587dc-6120-42e6-8628-43d3e2bea6f1,0,0
bf9168ba-8ba8-4295-9cda-4b89a920be38,0,0
8faaef51-898a-4004-9cf4-621e30f97ecd,0,0
d0af4970-e208-4a95-be2f-99a2f301947f,0,0
cfb28880-7b0f-4b9f-8d25-fb51ea678aee,0,0
edf7ff5b-822a-4aee-b927-6a0f936683a5,0,0
ddcdd51b-4c64-4822-ba22-43ecb11e597b,0,0
ccd5f4e8-2ed9-4d01-b03a-243da7394893,0,0
97ac17c5-4219-4980-a445-517814032a9a,0,0
9be12646-9f4a-493a-8b0d-32e8c449bb94,0,0
690b4ded-6a1e-40d3-9134-d2812e234a91,0,0
57bd61a4-a929-461f-a2d8-6c4ab1b1636d,0,0
10bfb2a4-2938-4b1a-8dfa-30db858c9b20,0,0
bfb255c4-bcd4-4301-ab66-825cd52e11d4,0,0
a8a28d2b-12dc-48cc-b378-b5a95c889106,0,0
59460eee-bc40-4210-b310-9d02f105dd56,0,0
cb9bd04a-2516-41bf-a667-2897b240d407,0,0
b8c2d929-2091-4acf-9554-f4f225df7a4d,0,0
11ae60d0-cc59-49e7-a096-f94407257826,0,0
c51e74b7-f9e3-4bf2-82e8-c509c0ea513c,0,0
ff47d8e5-c28c-4a64-93d1-3ff25441a5a0,0,0
fccd4280-22de-4917-94ed-6082000639ff,0,0
62b464de-0b5c-4b1d-8a58-5125424b682d,0,0
00e1d69b-f411-45ca-8a26-0610f9d8ce15,0,0
5de0bb9a-40cc-4392-8a86-36aaadb3f451,0,0
0149b3fa-8785-4a00-bbb6-0ab85b25f3a2,0,0
681aa49d-9773-471f-a428-66a267de8ba6,0,0
1a170473-8845-433b-97cd-088e65930bd2,0,0
8fb12573-9022-4c26-b3aa-430502c112e8,0,0
fe8ed2db-c878-4bbe-b6e9-6d7455269787,0,0
7fe89cf9-9b94-49ab-af2b-5cc5488dc523,0,0
50046eaa-9829-4b16-b5b6-c47ee7e218a4,0,0
bff69051-afdd-4ca7-87f9-cb0f518ba18a,0,0
6e8c5575-3891-44f9-9768-d46b3a95f96c,0,0
6f75253c-690a-4882-8c34-95b207108676,0,0
c4efdc03-ff51-4d44-a045-8e44a6ca80cb,0,0
8c8c732e-7457-4427-9daa-6adac02bc844,0,0
f38390bc-e13c-4bad-9264-0f1199e66295,0,0
b6f8e64a-2ff7-484c-b3e3-fff529e35d70,0,0
a963e84b-0bcc-4044-8c09-daaede82b86f,0,0
d68e0ef7-7766-452d-8208-ea50a6d06e27,0,0
ce1f798e-b200-4324-8eeb-b9b89134db3f,0,0
155747e3-ff80-4915-aaeb-e96b67938ba9,0,0
290c1940-490d-445e-b0ec-25c62a6dbc14,0,0
721ef17d-4fff-4216-b628-279bad57746b,0,0
899eda77-f56a-4c8c-ab4d-92aa4a631fc7,0,0
0eb67c96-1ca6-4373-b19c-ff46efea4187,0,0
d2846590-5b37-4928-bf80-6dc78c2bbd7a,0,0
81cb3ad6-2c64-4f70-b88f-e0e28a69ddec,0,0
25b3101a-3570-4d4d-aaf6-e30545969d3d,0,0
eef82e77-4703-4671-af66-da287fbcb56c,0,0
f95e07ab-78ad-41ea-b527-2aa59b67d54b,0,0
b0ab377f-e9eb-41a3-b1b8-fa6d19cc097e,0,0
3750e67c-bb41-48d2-9772-68674259622c,0,0
d8851db6-93f2-41a3-9cdf-ed9f5f3a294f,0,0
d0d430b8-890b-42df-b229-5ca85dedf7c2,0,0
4c9639d5-f0a5-46bb-8eb6-8e4d79e2bb3a,0,0
156b9837-e267-4888-8e51-d99dac17b1bb,0,0
05c0b645-ef28-4bf3-ba6f-5004689604b2,0,0
25fe3e3e-c2c3-454b-9f9d-703db6db6bda,0,0
f3fcae9f-59bd-4b4e-b270-542949707321,0,0
943a0c13-97e9-4924-92dd-7d7f351e0c34,0,0
68024677-247e-494c-a5ad-9ef2156ac8b9,0,0
2c0eb9f5-2bee-48d3-be79-8a80640e18ff,0,0
138d075b-d962-43ad-bcb7-2184144bffcd,0,0
1475f601-df40-44dd-a265-5b5f887110b3,0,0
57d9556a-4a13-453c-a5f8-7c9a993f55d5,0,0
14b229fe-478c-4b39-aeb9-b80068a592ed,0,0
88c08c79-1f5a-4dd3-93ee-270dcd3b4e01,0,0
c28ee230-364b-40e6-bf5a-64f6c225ceea,0,0
b2d755d7-2c21-4ed1-9e26-050e1524b44e,0,0
cceeea93-41d0-4605-9fe3-01553c523fd8,0,0
c596cf38-c6f4-4dd3-9440-a0290b665440,0,0
b3635563-8eb7-49f2-8e69-d1e843c65466,0,0
f2fafcb3-d956-45df-b06e-b1727c2621a1,"1,326",987
3434d3f9-4ffa-47c9-a503-7ba0b8f57b8f,0,0
182d901a-2553-4ea3-99b7-b8f27727f233,0,0
16131680-5a1f-444d-8e71-fd00cf22ada2,"1,471","6,272"
a90235ae-5f77-4ae9-abfc-5bdb173de8fb,"1,426",405
07becb16-6d38-464b-93cc-e95a87c0bf7d,"1,326",987
4f989be5-03ab-4eb5-b7f2-53167a085432,0,0
769fec69-fc74-4f44-93c3-01839be7ae80,"1,426",405
746df9ec-f012-4183-b2c9-bddde4ca4412,"1,426",405
da2800b0-7fef-4b87-8088-8fdf6627b53a,"1,344","2,801"
f87291bf-b1e5-407e-a60b-1dc61055f2d5,0,0
b9f119dc-94d2-4693-9dad-f951c783b26b,"1,426",405
4949e4ed-7837-4fee-b84a-0d3f1cece969,0,0
9fe32a57-0271-4bbc-a416-1bb1e8e13245,"1,393","7,823"
b261c7cd-51b6-4526-997b-c71f271874ac,"1,426",405
73202160-d481-4dfd-a5fd-a043eeccee2f,"1,426",405
1a13a0ce-8ba0-4cb0-9e1b-93df70d6f6f7,"1,263","23,609"
8210b7e0-1831-4448-8291-288e2fe87bf1,"1,426",405
af286581-a9f4-478a-8e72-3b7bf0988597,0,0
a566027f-7033-4c74-96cd-0f9ae48a239d,0,0
b4b25dc1-20bf-4f4e-bb12-e62761429069,"1,358",317
f7feb567-92c0-4a64-a054-debabdb9f897,"1,426",405
75c7805b-1ed2-469e-a7c1-5d17d27f0cf1,0,0
93387405-0785-480a-9a3e-7644abda46f2,0,0
c493f624-2211-4f43-8c98-39fb938ee9fb,0,0
c0bcb81a-867c-420e-b95b-5391d3d8bba8,"1,361",652
acabca30-7477-4f84-8da1-b525a9a988a8,0,0
23ac3299-29b8-4177-b422-8ca8b181df09,0,0
1a4fa610-1590-4b16-978e-fe1bb903baf6,0,0
192a88cc-8b39-4d6f-b123-03649770af9f,0,0
8affb8f4-cadd-44e3-a19e-993a5dfd5559,"1,375",211
7f1a6acc-fa7a-45f0-8eba-67900180fbf6,"1,340","2,185"
823bf1ea-f396-4d51-9b61-4d9fc11e01f4,0,0
ec680c23-aa70-44da-8a3a-7a6d751cd520,"1,412",370
b0541f2e-9ce4-4962-b088-ff7d55e8409d,0,0
b0fc8b37-1d5d-48b2-abc0-21d5ab9a65e0,"1,426",405
3129366a-040c-437d-97d7-d7c726fad8a2,0,0
0805301c-fe02-450a-a2f7-b7c7a5823521,0,0
f82e2671-2f8b-4eba-b41f-05b7a27657b5,0,0
c4a974a8-f98d-4f5e-83d2-b547c617f206,0,0
f37cf3c2-c645-4e7e-87e0-972e9573910c,0,0
f01654c4-e174-4b7e-bf2e-c8123157faff,0,0
1e27abde-71e4-49bd-ab91-6bb48749bf39,0,0
cce2af02-9769-486e-b843-bb6c9ef32bf9,0,0
b9c3d5b9-85bf-4b42-9e01-93dd60aa4d55,0,0
22814579-17b5-4816-a358-f3e056ca98ce,0,0
a64ac54d-3169-4ac6-a0c8-793e2bb6b166,0,0
776ea545-36cd-45ac-8b7d-ed446d3859d3,"1,142",141
9525c5ba-9796-4f59-bfca-2bd30a5e8951,0,0
a7c8a77c-957f-4e5e-a0be-df691a9f62b9,"1,142",141
59c7b41b-0c17-4544-8ff0-96eec9636472,0,0
87dca535-3b76-4927-955e-b7cf17611bd0,"1,159",793
666e37c7-e1d4-4015-9d57-c987ccd099f7,0,0
f060574d-8ca2-4d5c-9ece-ea794230629a,0,0
a0ecc725-0854-4e61-ae59-e0eb23a53da7,0,0
d818892d-2c4b-4e4f-b1e0-41b53a850b7b,"1,457","1,709"
82a9a565-2ae5-480a-9b80-a0ba690b3986,0,0
91cac08a-a367-4bd3-9b4a-f78dc3fd7451,"1,315","1,128"
b18fbb6e-1e63-4aa9-9630-0eec4cd95ce7,"1,315","1,128"
0110f5ee-1772-47ee-9be1-81a27e21d917,0,0
05d682c5-50b1-424a-af0f-df4bf36ac770,0,0
721ab1aa-4094-4c0c-8375-1c435f872ba0,"1,315","1,128"
4bf41208-acee-4fdd-986d-7aedc32639eb,"1,315","1,128"
fee74fea-0567-456b-a336-cae9e135f9d0,0,0
8c06c4b4-23d4-4d6a-935f-c81dbb4971cc,0,0
75b52321-69e8-446d-8fca-326686db8abd,0,0
747f10ee-944d-413f-bdcf-1f159cfc4bd3,0,0
16175df9-f250-4225-a559-bb0a5c83308c,0,0
b3536e0b-16a1-4b99-8935-35531164ca83,0,0
2025e246-22cc-457d-9905-65643f9033bb,0,0
ab9b789a-7f27-40ed-96b7-bd56f4d263dd,"1,315","1,128"
bed66b02-e407-4e5c-b83f-1a640648941a,0,0
063d66e8-e493-459b-a7c2-99c9fb3ad913,0,0
4797e9e9-83a6-41b6-85e8-2d664a83f39c,0,0
0b4c3325-914d-48bd-acfa-a374bad510c7,0,0
a6322482-60de-4dda-9fb3-b4a47cba4893,0,0
2762a357-9d7b-486a-beea-b17ec25243aa,0,0
7125bcb4-fa4e-4726-850f-3b82f5d39871,0,0
b05b3a81-d5b9-46cb-87e7-2073b3d78c60,0,0
cf7fabc9-1fea-4af1-9344-4d788e711f19,"1,315","1,128"
fa91fdbd-081b-49a5-b920-b4b0f0be2ca2,0,0
acc265eb-a2b2-4845-8fc2-703164a4f6ad,0,0
330d2413-f511-4877-a2c3-a4a102e0ca16,0,0
1b9cebd2-1257-426c-9f40-e358b465a757,0,0
8c2923e9-b04e-4244-8550-474a8be4f59c,0,0
dd27882f-8dc5-49bd-8d99-03b74391618b,0,0
ffdd029b-dad4-4a02-b053-86f25730c11b,0,0
c391f29f-60e2-4899-b8f8-48d1cc0215cd,0,0
9610734e-a158-433b-877a-8d4fecbe3672,0,0
337cc962-bff8-4461-9d1f-52bcf76a0303,0,0
2b7639f5-bd39-46c5-9137-264c60787563,0,0
803e6f24-4985-4985-a12a-a355cb2dc492,0,0
8c283b49-cc5d-445e-b6cf-68f10517e67a,0,0
26980d89-b670-4933-aa98-cb58b53430aa,0,0
2674eb10-1402-48f4-8ca2-24ea08b07d48,0,0
5c683d9a-20ad-4368-9abe-277460419bef,0,0
4302f37e-bd4f-43b2-bb4a-bb8805cc122e,0,0
31295225-ef18-47ab-aff3-0350bdfc26c8,0,0
4e6fe2cf-0e07-407c-b940-034921dffb51,0,0
a3c015e6-52e4-47b8-a555-ad74e96ff20c,0,0
1c8e6440-59cd-40c5-bca0-d8f6aeb2a845,0,0
24452f15-4675-4ae9-8c05-c4a3e07f3832,0,0
de68210e-bfee-421f-93d9-2e168e5e84e1,0,0
2249b18e-344a-4836-9792-340fc5ebc6f4,0,0
ac779f89-4f7f-421b-8777-468e9308c8d8,0,0
d72a0656-37fb-4e94-b6ad-1ab03636f91a,0,0
e04c5324-4dde-4cc3-934c-0badf596335a,0,0
e3847bc8-e830-4e63-98f6-221708536368,0,0
56b73f3c-0602-4fbc-8978-696c7390acb1,0,0
1d6c7928-eb85-4521-a2dc-41f40b5e0f9b,0,0
57b11eea-fd0b-4e77-b0e1-52512b33ccd4,"1,418","7,752"
70885eb8-2e35-46d7-b121-ac881856a94e,0,0
b8f10771-27d6-4431-8185-23f3e4667177,0,0
f01e759b-c82f-4b75-9d3d-d6608b5907f9,"1,457","1,709"
3439b431-3263-462a-a396-8a00ea4b3bd0,936,440
d8434f5c-a1a5-4821-b9ab-a21ea33faffd,0,0
0be4a432-0b8a-46c2-acde-b69eacc025bd,936,440
2039e977-2860-4bbb-8018-535f0682449f,"1,344","2,801"
ad75d457-8c77-44e9-9f91-3b95a5c9f1b5,0,0
96737866-a9a1-4ed8-97c0-098055abeb9e,0,0
11b7ee00-c32a-4856-888e-442e3b1d293d,0,0
50c0ce82-5b8b-47e9-a0e0-744e68466a55,0,0
c9cece1d-f70b-4468-ae14-0876eb38a463,0,0
49692cf5-8e82-4044-a4ec-ac3f18b4e4f5,0,0
9de775d0-eee7-4a2b-b56f-ca93a11fda40,0,0
8aa3bd13-7c15-4cb2-9e96-9beda768efa5,0,0
5496a5d5-dda0-4c71-b31b-c98c1779dfe6,0,0
1d6ee55e-7fe8-4937-bdb5-38929c5aab89,0,0
d226b31d-6175-4189-b136-960900e7a599,0,0
a5f3481b-06d6-4a43-b2d3-c2bb86a9bd52,0,0
f4f278f0-5c7f-4d57-a889-ea5ea91c44fd,0,0
0c9c1fa9-1b41-4105-8513-4ad645393508,0,0
bfabc214-1433-46b1-8a5a-98c464c44ddb,0,0
7afff720-a94d-4b5c-97d5-447f3af93e1e,0,0
61b749fa-878f-4b6d-b017-96558869e9d3,0,0
76542bdb-adfd-49d0-945e-c4f5dd8f4636,0,0
6100cfc2-36f7-44e1-8695-33b59c359674,0,0
b7b4ed59-4926-439b-92c2-3af08666e154,0,0
e0256046-5dd2-49c9-aa6d-ed365d75f4e1,0,0
6fa98c52-c6ae-4a2a-aef6-17f200b2f047,0,0
108115d9-0d2f-44fb-9dc8-4be263e47e94,0,0
ff172612-ccef-4ef6-b801-79b4bc8cc309,0,0
97f049cb-3592-44fa-a073-483332349f98,0,0
c668fc84-7a6e-4699-b6ea-054a5129ad69,0,0
bce26882-a1c7-4de3-a196-b88e40648f84,"1,344","2,801"
9315d226-4193-490d-ad20-e40d76d54c2f,"1,344","2,801"
a0a312d6-f500-4fb5-9ebe-5ffa285b0fd6,"1,344","2,801"
a1b98d93-1cef-45a7-8049-e8ed280010de,"1,344","2,801"
6ad3ecc9-5be9-4de8-9ced-62dcd1e9f4e2,"1,457","1,709"
13056640-2586-42c4-9da5-e7e90b417b08,"1,344","2,801"
24bb2902-23ea-4e4f-b984-5416a58b14cb,"1,344","2,801"
4d1794e2-50f0-4a38-a1c2-0ac1fa30c036,"1,344","2,801"
a93257da-45d9-41a1-88f2-58cf6254e882,"1,344","2,801"
edaa7d9c-9cd5-4d47-874b-2b7ae75563b3,"1,344","2,801"
8cb9206d-5b74-44e1-98e4-0ba06a5cf747,"1,344","2,801"
f379a4b3-d2ae-4a9e-98f7-16b76777a6b2,"1,344","2,801"
451ea649-6a35-4b02-9342-05306709bb30,"1,344","2,801"
a7f13650-05b1-4bf9-aec6-0573fe2cc045,"1,344","2,801"
bfb04641-6115-4477-8f7f-783375b8f6ee,"1,344","2,801"
6655261b-ad7c-439c-a3d5-f9edf854fd33,"1,344","2,801"
cef9f930-33ff-41e6-9163-751631815ced,"1,385","1,868"
3289250c-c41b-4ca9-9b7b-94eb1893800f,"1,385","1,868"
30a6013a-4bbd-4355-929c-84fe661d24ce,0,0
d363c892-7736-4bd3-8887-df545d9b3cac,"1,457","1,709"
955f88ef-5b24-402a-abf3-dd2eadd9d398,"1,457","1,709"
c678adc9-66f2-4d78-b6f3-8197eff82cfb,"1,457","1,709"
1749ebf1-d0b6-4168-a87e-a5d61bbbef6d,0,0
eb934bdc-011c-4524-8377-ef7970d1f210,"1,457","1,709"
89095478-699c-4f31-96b0-102f05fc9a48,"1,457","1,709"
3bdc503c-15ed-4e36-a1f0-e5bee80f2bee,"1,457","1,709"
58335b5b-90aa-48e3-a898-361af581c401,"1,457","1,709"
8382227f-e0ca-4bb5-957a-8c50305f9e9f,"1,457","1,709"
2a2b771f-57a5-4027-b9a9-e3d7a7765fa7,"1,457","1,709"
0bdc4a76-d2cf-4e41-abc9-962dde092cb6,"1,457","1,709"
8f035a32-d361-4c27-a01d-6fe15932b831,"1,457","1,709"
1251921b-782e-4fa9-9e28-3aa4938a9c69,"1,457","1,709"
9c949b4a-f408-481f-8ef3-c3ec32a92849,"1,457","1,709"
359dbfed-cfe3-4176-b8f9-d2473291b271,"1,457","1,709"
22d07c5a-9185-4fa0-8d51-e166815be7f9,"1,457","1,709"
bd385ea4-ee4a-40bf-82b7-b8bbdde4df46,0,0
91988f94-6d48-4ba4-af52-2ec6021a9370,"1,457","1,709"
99464c60-d71b-47e4-b7c0-ff015220062f,"1,457","1,709"
5656ea57-a574-4d52-acb1-5d56611924d0,"1,313",669
8f23eb02-8bbc-46f1-9789-12e9ec2313d2,"1,315",511
06768aec-6d93-4d7f-a4da-564859eda7eb,"1,385","1,868"
a0b726c4-4ef6-4d28-a755-434c1e853c35,951,194
cd9e6d27-bb6e-49db-ba5b-e3158e70ebb6,"1,369","1,586"
466196a4-065d-4b83-a888-7301b7a101c8,"1,357",211
c28dd430-b263-452c-a670-502223907a58,"1,482",951
5c393748-15b7-43f2-b057-00ca433dd5fe,0,0
42922025-5466-4016-95d9-fd79dade865c,0,0
ece8dcea-132d-4413-b718-9283b6f88a9d,0,0
7ddac32e-e47a-44df-98c4-74c3a492ef93,0,0
7da1b639-b969-4496-b80d-63d312a52014,"1,375","1,269"
fa8f68c1-8488-424f-9d04-fa5c1af58a80,"1,372","4,810"
afcd04ea-e7c5-4ccc-9ebd-5ae7e19bbae9,"1,327","15,152"
6b5f53a5-b4c7-4c29-b741-d133aa3a5caa,"1,327","15,152"
05272a93-9487-4d89-8579-54dc05d7ee27,"1,327","15,152"
fcc16fc3-6c84-42b4-b5af-5a343b4e06d2,"1,327","15,152"
73e60fa1-5d0b-4c60-9627-5d00d678d4ac,"1,327","15,152"
05c1db09-ed8c-4597-a55c-205cda00a72d,"1,327","15,152"
9f0c107e-a7fc-4e95-a043-2bd12fb890cb,0,0
c4331d7c-facd-4daa-b830-475c62cce361,"1,327","15,152"
2c6e0104-074c-4a77-8979-b52a275b929a,"1,327","15,152"
ef8d1fcd-f128-437a-b37b-12fb65c81092,"1,327","15,152"
61f6a7c7-e55c-4d57-86ae-b894e39f9022,"1,327","15,152"
9b50ac27-f95d-4a30-b59d-3998ac79b8f4,0,0
a0ae123a-278c-49e8-a968-7e8a58531afe,0,0
643c6a6e-df8a-4c6a-aa3c-38a4fc8fc383,0,0
8f730289-aed8-4d26-9cc7-f812d88d7c31,904,"1,339"
6aab29bd-5c47-40a2-aad0-e970e01c9858,0,0
978677d5-2dff-4823-819d-55328fbe7d48,0,0
5d6c20a8-ccd4-42cf-b409-66da334b8fb4,0,0
8f068290-500b-4be8-855e-31a9b90073fb,0,0
3a412325-507d-4f5b-97fc-04606089bcb1,0,0
0d0b1951-b6a7-4ed7-ae1f-c7bd78b70d69,0,0
ba71d12e-8406-4773-9ff4-16306c210728,0,0
1fd65cd4-d28c-44d6-9367-b5ef91446d57,0,0
28ab0d4a-cd03-4a87-9160-da83177bca96,0,0
705062cb-a478-4133-8a2d-03ff96e20faa,0,0
5667f78a-9475-4e94-a345-0202e24c578a,0,0
340f433c-3828-4285-b06d-289ff680742d,0,0
eb5e073a-c695-43a0-ab56-21a2b8eb8b3e,0,0
476bd665-798d-4173-b93b-a57a3756c0c3,0,0
3e01b1cd-ea03-4fd8-905d-4b1d847d6088,0,0
3a486883-6975-485a-b641-f140ced03e74,0,0
c055ebdd-bfe8-43c7-8e89-04b1058f3b36,0,0
4bed9c24-5e54-4060-8b2f-42f5c86072db,0,0
8f5c12f1-c64f-4acd-8c80-21e82c09ae80,0,0
641322e4-7497-42f3-9730-9421d3d78674,0,0
aa132edd-98ca-408c-b2b4-0708db8c1527,0,0
459432dd-c7a4-4272-84b7-a90e332bc801,0,0
cdf2321e-c055-4124-8d57-3b6ffc0052df,0,0
478291ba-8dbb-46af-a6a4-d1de35a0cc7f,0,0
448f442a-470b-43d1-b051-230c59b92481,0,0
a9aae75f-6354-4474-9b56-899e5e09032c,"1,350",370
1c60c67f-9c61-4748-bcc4-80659a257933,0,0
79db6154-fc4d-45d8-ac83-d1835f43d452,0,0
87220f62-2207-4bed-a45a-508c8e0c9222,0,0
662907e5-9d84-4bc1-a47c-ab7ce73df3c2,0,0
21b11f74-ac53-4b6c-b5d8-bba476533640,0,0
fde32ed9-d5be-43ca-ac13-9d6e282a75eb,0,0
19f04379-9395-485d-896d-2964c1a24f99,0,0
92a97b4b-c6be-4ceb-ad56-dbfa07396ca7,0,0
ed7c5a8d-03f8-437e-9cd3-919cc719215b,0,0
f7c97de6-7d93-41bc-afa1-72473c253a5c,0,0
9f7175ff-2932-4492-8545-9ef3ea80d56e,0,0
a1ade4c1-b4a7-4fb2-acec-96a232cc1f3a,0,0
c9247ed8-219a-40d0-afa5-4901cc116c04,0,0
23a48a12-c922-4057-9eca-01fa11bfd60c,0,0
a1629afb-9101-4cb6-bd88-b5080521153c,0,0
b4841d2e-69ce-439f-a89c-91b36c19a18a,0,0
fad8ac3a-81e0-4867-8093-4dba8264eedd,0,0
b7790762-4887-4fa2-81c8-db7a9330ff62,0,0
0c455f9f-3474-4d2e-8164-40a2ff093539,956,669
21721955-0221-40b8-8891-32f904d65baa,0,0
84bf1cd2-5cab-43d4-ace0-af7fabfde758,956,669
bd190cf7-904f-407f-a01e-016a58a1902b,904,"1,339"
4228564a-3145-4f08-96bc-0352c76a9b28,0,0
1b63646c-a45b-4316-91b0-1c0340aa7bf3,0,0
c37ab4e5-775b-40ee-b9da-81684948f7d2,0,0
067be910-607b-4d27-b04b-11d05b5391db,0,0
ddd5e5a5-6e1e-4892-8de8-74a3d14e3506,0,0
c85191c7-6a30-4d31-bc84-d0ae5a906f14,0,0
33ad55cc-5ec3-4ace-ac9d-3e6393f92de6,0,0
6d9a53f8-7d06-4212-aa43-7bbf5d4d4583,0,0
a80232d7-102a-4d20-8a83-e2dbb67956c1,0,0
f75b0fc8-1160-4791-9f33-5ffc5ecec31e,0,0
58296247-f72c-4c66-829c-ce8f45297968,0,0
7e5bea2b-dc20-4fbb-b31c-c69f2a5332fb,0,0
202ea356-b71c-40a2-8dd2-b4b3c4a7c644,0,0
f5f1c4dc-f34c-4a50-b70b-4e7761cee63c,0,0
1138ef6a-300d-4398-966f-5e841795382d,0,0
a3a5cebe-3750-4b29-86ea-846ced349c31,0,0
a4a36296-357f-43f7-ad01-a98fc5e3f970,0,0
74ff0853-edfe-4d5d-a3a0-a7e61954f35e,0,0
daf0518e-3a1d-48f0-8086-f3b12253a727,0,0
0c8124fb-47e3-4602-acca-90761c653c68,0,0
e312f7d8-8e28-4be0-bb82-f2a80e41059b,0,0
bce95e8f-08d9-42db-b2ec-b18d9f12ce67,956,669
ba5e8ba3-8f71-4cae-8f02-5baebb9146b4,0,0
c464c7c5-3399-42f0-bf52-f4d11acabe05,956,669
7c042661-c8eb-4117-86c5-e43642c3c817,956,669
e7463af3-5ec0-4385-8267-51cee83290a4,0,0
32f1af89-0101-40a0-af2a-98caecd83220,0,0
ecc55872-b08d-42da-bf82-cf4f7ed2734e,"1,327","15,152"
0171a572-bcd3-4020-8043-50997c8d69d0,0,0
438af6c6-06cc-483a-ab23-6ddd349f6abc,0,0
f49a50cf-0c52-4ab3-a9ae-79d3e5182334,0,0
0fddaa11-46e9-49b1-800b-b62e50b706e9,0,0
387bc535-b8e3-4eb4-bbc4-c4e57d0e299a,0,0
4dd1f977-55f2-4728-82a0-15a3b8752af2,0,0
6f544e4d-f426-46c9-9a6d-e3c9490d9fa6,0,0
ef03ec9b-1a95-4b4d-a248-bd44064354be,0,0
5d4cec87-f3ca-4867-8030-4079650df130,0,0
c7e45897-6953-4ace-ae66-0475dc329e57,0,0
18282fda-f201-465a-8e6e-a57e2221612b,0,0
b580d6ff-9386-4d04-808a-549884d3fa6f,0,0
3b3317d9-a9ad-469d-9613-a180efda98fb,0,0
35e8aead-a0e2-40c5-adb0-e68dc6cb939f,0,0
7bcbfded-3971-44a2-b0a3-0c9a6825b93e,0,0
bbef7892-1db9-44b4-a43a-0d0217546f1f,0,0
1295d5ca-c26d-411f-9283-632a011b1a72,0,0
0343a6cf-1682-43f2-b4cc-3ca84aadd685,0,0
cc87e1fa-31a2-46c8-9593-938a847f649a,0,0
59dc78dd-ef10-4497-a554-471b58abf046,0,0
5ddeac45-88de-4b12-b460-6133b9cc36c9,0,0
146d30c5-3dd7-434f-9e8e-4a5f6a0318d5,"1,456",793
bbd2e43c-f9ec-4cfe-ba16-da176011b9bc,"1,456",793
a9e07353-4824-4d35-8d5a-2876d584b9fe,"1,456",793
dd920cdb-5f88-40fc-815c-0a1128d89bf4,0,0
2e5249cb-a0d3-4c89-b91b-5a2162806df8,0,0
c913d76c-5076-4ed3-a4f3-70c133087450,"1,372",740
b0ece1ab-8fb9-4313-9ffc-5f759e91689e,0,0
253919bc-e232-48cd-b99f-32cb5b850d48,0,0
53ae62b7-96b4-44e9-ab0a-fe5e22838d5a,0,0
0a491cde-af6d-43a5-ab37-21e47b6b118c,0,0
cb76d65d-c783-459d-a6cb-4c3bd300fcb8,0,0
c77e1dff-87c4-4fc3-9047-f372e43de23a,0,0
8ff05dc2-781b-4365-8ecd-d4f5518cf00f,0,0
aee68b0c-7f45-40ee-93c7-6fe743f782cf,"1,327","15,152"
de990e3a-c7bc-4f4c-8ca6-9681d0eb684d,0,0
96337941-256f-4a52-aca0-0dc24ac71076,0,0
2a7a2c77-e843-4426-ad2c-04aa56a188c6,0,0
56646208-d47f-4c9d-b873-b7a1650a3641,"1,182",229
a60aa920-43aa-4e94-84f2-04d76644d4b4,"1,327","15,152"
2ab129fb-e482-468f-b291-3f8fc1a1f811,"1,457","1,709"
4d0897ed-75f8-4e4f-b58b-e28f765f8132,0,0
cb7e89cb-a0cf-43db-8f0b-fe8e0b11cf04,0,0
0f769a37-de2e-4675-ac6b-f75cd5048cd9,904,"1,339"
ba0c4672-2d53-4e5e-a993-424d6d0f6636,0,0
43d19dd8-08e4-4eef-a3ed-5b2bc7478d15,"1,319",211
ca3a47e7-0962-4123-b77a-869bb7d43d4b,0,0
eee87e15-3ae4-433e-920c-853ad825f42a,0,0
eddff554-6923-4d6e-8ed0-869084f936da,0,0
0c63cfaa-571c-4a1e-a609-dd9f37bd5b8f,0,0
fc09dc6a-26b7-47b5-b684-cf6f6101a73f,0,0
405318da-4f3b-4b8f-a7d8-f1574d884fe1,0,0
dd5f66d4-143c-49f7-a39e-a851577ed5e4,0,0
c7c887da-6d38-4222-ae30-7ff02395a918,0,0
db174028-dd3d-49ac-a3a0-e4d465c3332a,0,0
2d715100-68d9-486c-bd0f-f9b4085909ad,0,0
b023077e-5361-4e0a-adfc-4c140b431acc,0,0
9face037-8d8d-41b6-bd10-38e7d843e83a,0,0
e9cb9b8d-66c6-4e49-b3e3-62038116ae48,0,0
b8de18b6-a2e5-4c35-95ab-22c58a66d8c5,0,0
49ad2be9-a851-414e-82c4-94158303e0d7,0,0
818dbb0e-0b94-4f83-a323-120b0a39a6e4,0,0
3e21923f-404c-4d02-8746-53a062e9947f,0,0
f7934e68-0f6c-4892-9463-e450f9682212,0,0
5eb945af-1b24-4e1b-9afb-83705e554882,0,0
0d9632d2-1121-4610-ab0f-3ef7e48d95d2,0,0
3b9fb181-8111-43e6-822f-a52a3a4bf6f9,0,0
e0eda0b1-d89e-43b9-9fd1-5ff818d6fd90,0,0
bcd5bb7c-203e-4bca-9d7c-862a894aa160,0,0
e0c77f77-bcf7-4602-86cb-542341a17782,0,0
034bd98a-bf91-434f-b550-2cb84684872f,0,0
8bd50794-6ef6-4dc7-b574-b0dcf2a4e54c,0,0
f8d570ad-6c33-44f5-97c6-d0751eebfbd7,0,0
c488d719-6167-4e3b-ae6a-bd6f8be97743,0,0
d0221d20-1b9d-4500-b2b9-4b93211567ae,0,0
1637929c-1b72-4464-8a45-0a5e97b3e59a,0,0
73f1ec2b-fb2b-465a-b32a-cfad1fde0bea,0,0
8cf4b453-2752-47c8-833d-5888ca86ba26,0,0
16b2c0ac-8286-4913-b360-2b9e176abf47,0,0
7347dd87-cdeb-423b-9fcc-42ae774b1c40,0,0
23a831ed-3476-4885-993d-670d24390be2,0,0
af8074bd-9ec6-4c98-9389-e6c97bc89104,0,0
8df0121d-038e-46b0-81f8-c740f09f9b8a,0,0
da109a59-7d1a-46c1-bb5a-8d92cb242d41,0,0
b178e044-b54a-4b0d-9d80-4e7664115291,0,0
cfdbb6da-10e4-49f5-b1db-69007d8b4fab,0,0
103adaec-789a-4c68-bcbc-a258f2278b60,0,0
c1388c5a-e69d-4255-aeae-748b1be755f3,0,0
c521e2c4-07e9-43e7-b953-7cd949449817,0,0
29661e2b-28a4-4283-8fd2-4c5bfc082e84,0,0
89d268cf-2f10-4cf9-a44b-d6cae39beafa,0,0
91c3a764-5887-432e-96a3-d283da409eca,0,0
55a5b71a-96ec-4715-9d3e-aa6c2efdac2e,"1,372",740
0096d037-ca74-4a88-9e9a-f6bc5d408db6,0,0
bbc1a923-262f-4543-9113-e14d46805295,0,0
b60b2df1-6c9f-4f3d-938a-a076ecb0ff25,0,0
6cd7f483-4b0a-4c1f-a950-57ddbb7d4631,0,0
f6db9541-201e-491a-885d-5f8527bc5c8f,0,0
8100e05c-1138-4dda-8aa0-f66e0c9421c0,0,0
eb98bf3a-0aa1-4f4b-95cd-bf1a84029591,0,0
ae3682d4-2028-4ffd-82ca-6a38b55af1ed,0,0
888b9fc7-4bf3-4226-9e0a-d16f82b61731,0,0
e78c838f-561c-4c70-8b55-db7a043424d6,0,0
d1b97612-c463-4bc3-a87c-7c2edc0f8a24,0,0
338d4c70-8769-4892-b39c-f29bcfa25479,0,0
1dbb3415-6fe8-4855-b265-60fad80aadf5,0,0
e985ddfc-4f84-4bb7-9404-e6f408c070fe,936,440
ae4528ec-8411-43a1-b7ab-c3d41ed34a04,0,0
b9a70c66-e806-4a3c-8e7d-82e65af5f681,0,0
b9cd3251-b3bf-4f51-81dd-28ee137e2a57,0,0
88d308da-9773-432f-b720-bcb26b386b39,0,0
bc2c3823-a92f-445e-a935-e1bed5dee82d,0,0
557eb75e-55c9-437e-95b4-b3e093eb9df1,0,0
4e01a4b3-5744-4192-9ed1-d6ddccda7c6d,0,0
98ab5dce-a03b-454c-ba8f-06ec30af793b,936,440
9215845e-acfc-495a-aaf1-dcc77087e7c8,936,440
04cf6281-9f39-4d6b-bca5-74048057f9af,0,0
8581dea9-35c1-4e3a-9e05-11b2e854272e,0,0
4e7d0827-5622-415b-9919-3782d759ab20,0,0
7595beec-84d0-438e-a1f3-7bf68cee2445,0,0
f504e62f-17aa-4cf9-bdcd-c002bdd5a4dd,0,0
a025f91c-d5f3-4bbc-81a0-09aedda83f1a,0,0
6cdb7294-8779-461d-b971-114175e2bb2d,0,0
addc61d6-ec6d-49c9-a016-ddce65c6f379,"1,344","2,801"
52344b56-c398-460e-bec4-415fb7fbc349,0,0
10b88539-a76d-40a5-92d8-75f467436b0a,0,0
b9922040-6282-4726-b003-a2927e0e8819,0,0
6d97bb99-97f7-47e5-b387-08ac73e2ff5b,0,0
77266f16-d36a-4bff-b6f2-139cd8f7dedb,"1,344","2,801"
c078e94f-cf2b-42db-b945-f0d7dd8cce2c,"1,385","1,868"
672cb545-0d7e-4b9c-8500-6d70e2dda0dc,"1,344","2,801"
e4f020ad-ebc7-4f12-9a23-513473358ce6,"1,385","1,868"
d7b430f6-d9ea-4a13-9b63-2c4a34dd5913,"1,344","2,801"
8e17a4a0-0861-43e2-a469-0774b4a08548,"1,385","1,868"
7867e778-9d85-4b3a-9176-fe5fbd980f92,"1,344","2,801"
ec79190b-17d1-4224-a4cc-1b7aea7dbcf2,"1,344","2,801"
fb6759da-d2f0-49d4-9792-68b4a2d2d382,"1,344","2,801"
ae8bf9e2-e1b3-4ac0-8648-e052d95df862,"1,344","2,801"
dca6e610-460d-4b84-9ad8-61fcddefe2cf,"1,344","2,801"
c3fd79d9-95f5-490b-941e-68c84370adbe,0,0
5c0a13c0-9dd2-47b7-b441-6485af272f1e,0,0
404718f3-b7b3-4491-b3ab-1f2561f63d92,"1,344","2,801"
4ab0ff4a-3845-45f1-9c5e-6dd9da464359,"1,457","1,709"
b1971b56-4417-4629-b1ff-e1ce9148c542,"1,457","1,709"
6fd7dd97-c549-4b22-871a-44d9dd35ef75,"1,409",740
1bbdf42b-24a8-4e6f-9ef0-b6f18b7f4a2c,"1,457","1,709"
43dc20a9-8cc7-429d-bc56-0ddf8b774f24,0,0
ecd637c5-0b34-491a-a79c-16ebc7a4296f,"1,457","1,709"
4e3702db-4d30-420e-aaf5-4876b764f672,"1,457","1,709"
15f2c4c4-32c4-4675-a54f-b44633fe2105,"1,457","1,709"
4715f7d5-458a-42b8-80cf-929137ee35bc,0,0
263d87ec-25e6-425f-87c0-8c11b81e7bbd,"1,457","1,709"
55845444-90d8-49b7-8656-5a3d0b179d10,0,0
7f5ebb5d-df34-4276-a41d-b9278fbb69a2,0,0
7a5d3bdb-5133-4257-bd5a-b4523373169b,0,0
b6277e7c-876b-4cb8-b8d7-a9e1f07971f2,0,0
c7dbe772-6b71-4052-9222-078fe275d9fc,0,0
3dd0b840-560d-419b-9540-7b0a3e7069a7,0,0
5057ee85-e3f8-498a-af4d-5c4b58f60d23,0,0
faf5eb75-286b-4613-9298-dc5b65095fc1,"1,327","15,152"
6f86281e-7266-4552-a80a-da24292f126c,0,0
f46d8da7-2be9-40bf-b23c-aa28fdf809a1,0,0
a04a4ccb-a7d9-400f-ac9f-2b327ae6ffd5,0,0
ee1eb61f-d848-48fb-86b9-dd0e46c081c9,0,0
27b03d17-1e13-457b-80f9-e1537d6f9db4,0,0
48054389-1b09-442b-8da6-eb02bba2419c,0,0
b507eb42-2082-443d-abcf-f5a80870d002,0,0
635bf12b-f299-4098-953b-63d46a5be06d,0,0
8d75d8ce-8e82-4b97-9a30-4a2245c5778b,0,0
5077632b-182d-4d94-8da8-05ded65369b2,0,0
03fb63f4-8a5b-43f5-9399-39a444b516d1,0,0
f480b14a-5f3b-4857-a15f-8731eccae425,0,0
4fac8dde-e883-4cce-91a1-a3951de83ff8,0,0
d4c63445-c264-492d-84cb-905024c54b7c,0,0
39981e8d-0e66-4475-90c2-5d4da9d360a5,0,0
f36f5950-0325-450e-894c-ff7991d1034d,"1,327","15,152"
fa5a200c-efdc-4a8c-a7c8-a71347da5ed9,0,0
68cc35a5-efa0-461f-bfec-2152f132eb3e,0,0
3dd8c5ad-344e-4dc5-9faa-d9f5a4c9dceb,"1,327","15,152"
ad381a70-c2e1-4c9c-aeb5-1b6de960f9b7,"1,327","15,152"
7c1be861-e383-41aa-9fb6-74ab0dace397,0,0
0837326e-7b27-4102-80e9-46a1b112ab80,"1,327","15,152"
98c538fb-4bfc-44c1-a477-29f0a5c7e56a,"1,327","15,152"
24eeb32b-df9d-4640-967b-047f9e15732f,"1,327","15,152"
2808ec5a-1658-4c6e-989b-b0a697ba8062,"1,327","15,152"
a7ae58f3-58b7-4b52-b009-5575853ce2df,"1,327","15,152"
21d10760-bff6-4ae5-b4e7-90deb017f894,0,0
099c93ad-65d5-4592-a74c-448f08462426,0,0
fcb5b9ad-fc57-4312-8d71-7ee6f788a593,"1,147",0
994bd407-d7e9-41af-876d-cdc934bdc321,0,0
ce602377-32eb-4a71-bc6a-eea7caec503c,0,0
170161ee-796c-4cb5-993c-cf195651f589,0,0
2b2ba08a-6279-4478-b79e-de6778582176,0,0
f0858c9f-5a01-4f93-818f-771a37ae394c,0,0
3a3fe088-2deb-416f-aed1-0133bb5314f4,0,0
228d69c2-46d2-4c0c-8568-0148c5b23491,"1,035",652
fb50e404-d996-464d-bc84-f4e581531a71,0,0
bdc36ba1-aa39-4572-93a4-bd52a450adfb,0,0
71e12d92-fa1c-41b0-afc2-0e58f4c9727c,0,0
7b66d1d7-39b2-4ad9-a677-c4134781c085,0,0
8a39560b-e19b-454b-852d-5b11769e459f,0,0
9b285f4d-ca9d-4418-8515-0281e223b011,0,0
0d3ceebd-f653-4fa0-9b56-61b6a2caba64,904,"1,339"
99a61019-d577-4dc6-9391-6691ce67c6cb,"1,385","1,868"
66259d16-ff98-495f-9625-612c3ef6fd10,904,"1,339"
47fb5f09-9e3d-4607-a371-5ae79d28637a,0,0
0414bec5-e075-42bd-8bdc-d8eb762706b4,0,0
63aecadc-3bdb-45a2-bb74-a8f5ad69e237,0,0
d9fe8c4e-fc36-4dad-a6a9-fa8864490e9c,0,0
b310cb04-5c33-41c6-9215-44166349bf27,0,0
0b4bbc68-806f-43e5-b2df-29895c9f7566,0,0
ae4b6f39-64ea-4b69-8a4c-cf0c673243f1,0,0
17f05676-44ec-456b-bc10-a0cd2e609c4b,0,0
cb9fed55-bede-4635-a8d8-10f73f025358,0,0
350a6f41-4d48-4f87-99ec-f1c875c84a2f,0,0
1ca1356a-3f1c-4133-9dce-011fcebfc232,0,0
f1a213de-b9d6-4b5e-a049-5005b9fc6b67,0,0
4f62e391-3c96-4dd6-a6bf-e758f065b800,0,0
0975157b-ba4d-4e19-8ddc-00a0895d8e72,0,0
d27becfd-57e7-44f5-923e-2261566e7908,0,0
613cc6cc-ffeb-40d7-805b-dc6177c90270,0,0
75de0a5a-8c5b-4b8b-bb40-11d9fa95b068,0,0
302f7ea8-c534-4f70-8875-d1f085506064,0,0
d4f6d8c4-44e9-49ca-914d-40a73fcc54c9,0,0
1a635b09-b277-4158-b5a6-52449a397c86,0,0
9757d415-606b-40ff-9311-9e7054b0c93e,0,0
2ae53aaa-4bd5-4828-8f2b-dcc4eb379b86,"1,482",617
af04cb37-1ed1-4c26-a16c-6d8e603be9a8,0,0
0dfaa4fa-57a8-4641-9bab-d4ff7d023e25,0,0
dd232597-45e2-4022-8d23-efcdc7d9ca3c,0,0
7697e268-c83f-4d6f-b916-96da174fa23a,0,0
a12a2c55-5c9a-449c-ab60-881f8ea55fab,0,0
f2236cea-cb76-4d1d-b3ad-ef81b7611354,0,0
cd981e2b-1896-4a0e-adc1-a9d28a5f4ba6,0,0
754e4db0-c682-4406-81c5-125e6fdcce2d,0,0
f50ffbca-a749-4628-a785-4c7309f03c85,0,0
29c21c8f-c7f0-4359-bafe-a49de310d7b9,0,0
81f188d6-56a4-4021-9693-14c35bfb63d0,0,0
9964aae6-917b-41c2-8141-8945a9b6cc62,0,0
0910f22d-c802-421b-bf6d-87c4b781ccc8,0,0
5c1e545d-64b3-449a-8f6d-3cec15fea185,0,0
4789da84-ed32-46ee-bef7-32d83873d7e5,0,0
8bde749f-3df1-4b12-8b8d-c387cc8bb92e,0,0
7a51464c-9bac-47d5-87f3-bb8e2a7d4d1b,0,0
19c27c68-c793-4f95-afc3-6a816bdbf547,0,0
d9466a93-26e9-41a5-81f7-e0c632a94920,0,0
34b0e5da-b8d0-43ea-a817-1da1da99cc38,0,0
46bcc2c6-525f-448d-ac62-eba0836226a3,0,0
42485628-473e-4ff3-845d-6c4d40b07e07,0,0
3fa3a1c5-d199-43ed-9dca-1af7dc417656,0,0
c1542f0f-caa7-4427-8209-fa525a5ae366,0,0
bf664448-8129-4862-82e2-0bd2789ad59e,0,0
78444586-9037-4f4a-bc49-5b4efdfd3456,0,0
50ca8f96-193f-4b51-9b69-31eb53d973ea,"1,482",617
956a9dfa-4148-4c6d-b5e3-89c4c8be826d,0,0
d7a46fb5-c17b-4f91-ba42-7b9a80482342,0,0
dec7573f-643c-4b91-8312-7ddd1a05a3be,0,0
923b3704-466b-4b1f-afd8-19b4616c10f4,"1,482",617
fbf5472a-1df0-4637-b3a6-a74c8ce1a5f7,"1,482",617
44abfbe7-5a54-4683-97ed-6f29e19e880f,"1,482",617
99906f51-87dd-4d34-91b0-164dfb66a460,0,0
039b92db-aea3-47cb-ba2f-9acc51d40981,0,0
cf5b6d80-cd7c-46a3-a98a-6f5590a9fc14,0,0
25a1bff8-537d-4fe9-9182-be1191b5e449,0,0
ea1550cb-9e12-4b12-807c-22814355e01d,0,0
62929fcb-307f-429f-bb31-ee4b0444abde,0,0
efd4e684-fa05-4ed0-9dc8-b997715c5fa1,0,0
d68df9cb-fead-4b07-bfad-5afabe290a29,0,0
a51e8db6-0096-49bf-adfb-ec49490f8a1f,0,0
31825424-7d4b-4c62-9b78-745f20973e5f,0,0
4e323a4f-0281-4ef2-8f78-46e435e91807,0,0
c1d1cc4b-3655-4132-9519-1d01a01c35b9,0,0
e0afbdb7-65a6-4f86-a150-d00282b110fc,"1,482",617
7793e016-9126-4406-bcac-2afc5d4a23fb,0,0
0d24b3a0-3ecc-4f8f-a308-39777a155463,"1,035",652
06dd15c8-9a21-4d08-914b-59fd1258ace0,0,0
bd682ea8-24bc-4156-9d1c-85f70d309bee,0,0
257081b5-bcc9-4482-bf90-11623d5cc45d,0,0
f92bcfea-d5c7-484c-86c8-8168a4977f2d,0,0
b87f8768-dc45-4dd8-8ad8-6dfbcc1682a6,0,0
447ecdab-648f-497c-aa70-c6b05e082370,0,0
46564634-f789-4155-b829-aeca8684a9e3,0,0
f8c7dcee-ee8d-4053-99b4-892f7d479b86,0,0
66f34da8-ca33-4a93-b86a-1cb1cdabee31,0,0
17a6238f-6ecc-46b1-a44c-845a490f7ca2,0,0
65498e57-67b9-4e90-aec2-4ce034afeeca,0,0
26b38bbe-7129-4ad2-a1b5-786d4fd4131d,0,0
45c90827-ff14-4529-8e01-c010e9baf956,0,0
7fdab233-06ff-43ee-9ef7-89513c961ea9,0,0
ee93af47-d1f5-41a1-a3a6-7c4978befee3,0,0
f2856aa8-f9cd-423c-b223-825154bb914d,0,0
1ae169b3-6574-446e-9320-a0fcbefca529,0,0
fe1eeefe-1dd0-4008-8564-4ed5692a3b8d,0,0
d43d5e78-cf0b-4267-96ae-603ecc1763da,0,0
cf16d195-bebf-44f5-9031-da67698332c0,0,0
9415d810-23eb-4472-8156-f1199c4a7415,0,0
4fe731e0-db73-4dde-a112-46793b0fcb9d,0,0
4e656ce9-6e61-4ba0-9527-71c5344cf049,0,0
9a32b5e5-d671-43be-80c9-069888c6abb5,0,0
03cbf1da-f08a-4468-8ce5-c4a524650dbf,0,0
d523db77-acff-4e00-b52d-b39d763f1487,"1,421","2,361"
8fabb071-05bd-428d-ab30-2bf27cb99bce,0,0
6b413bed-5eb4-4e37-90fa-886dca32c007,0,0
5b496e24-4184-4d2d-9ad2-d9a85ef7157f,0,0
4c7af986-507d-43ce-96fb-13dba5963cf9,"1,035",652
326f1634-a882-446c-9a2a-7c8af6788ffb,0,0
e622ac00-6958-4ec3-95ca-d3da1a6abd05,0,0
75a98924-9e78-4bb7-a1c9-dec7ff5d9a56,0,0
2a7a15b7-aa73-4b1e-aede-1ea22e89ad93,0,0
85601b45-42d8-411c-913c-bb80f36e5950,0,0
f0c187dc-3716-46dc-ae14-ca7c8699b8b3,0,0
1ce0d298-5fe4-4559-9c42-689ff69968ab,0,0
520db556-a731-4b9d-9043-f2321000b814,0,0
8a7b331f-31da-4c22-b3af-461a35fc782a,0,0
f8344deb-7db2-42c3-a019-6152f452d303,0,0
0ec17453-c45f-4752-b413-dfed02cd56d4,0,0
8503b05c-04d0-4f20-8c67-6ab9f98d601f,0,0
fd0b6f65-ed9f-45ce-a6c0-07766e8c208c,0,0
6f5e21cc-af28-42c3-8664-4514aa4c713c,0,0
f4252dfe-f6e2-4eca-8191-d00d0ce8923b,0,0
1767bc80-4ba4-490f-94ea-ff4d6793f6ee,0,0
e6049831-fe23-4df0-bb23-27f3ad36c6b1,"1,456",793
8b97bf6f-4a13-4c3d-a0be-7a63c7a93f7a,0,0
90c32921-07da-44d8-bdc7-81e366846ced,0,0
873fcef9-e293-44c4-961f-1806d4db37f5,0,0
21b5947c-1962-408f-9348-ed750137cba5,0,0
bc534570-e793-49ec-a5e8-8d590c27b16b,0,0
2b5a9c74-08c5-4d32-a53f-5d5d295f874b,0,0
7ffe1ff5-6dc0-4a4b-9b54-32aaca881e6c,0,0
4a8d3f7b-3cff-4ca0-a8bb-87fceceed068,0,0
290ec078-6ef3-4d4b-a622-669d033702a1,0,0
896279db-3043-4952-8091-cd288e135df2,"1,434","11,293"
a5251846-41ec-4888-97b1-feb57d58d362,0,0
0b06ae9c-1759-4ee0-a2a8-7e2f0b609b51,0,0
b6dd9060-7cc7-4fd1-b8c1-c594d2fa4ad2,0,0
924bb49a-8f59-4376-9f05-2e2191c5e6c0,0,0
138fe181-8b6b-4fac-9df0-f83741e325ff,0,0
e6e6ba58-c0ee-493d-b601-6d42b7c77898,0,0
cd1e5a6a-dcd7-4e6a-956c-15e76c31e408,0,0
28e30e6e-c670-4671-b673-5ef18ebdbe8a,0,0
bcc59b33-838b-4605-885d-b33c894eda34,0,0
fcb23f8a-f90e-41c5-bf99-725a4ba4aebf,0,0
cf8fd335-b744-4946-8a77-0968a38257d7,0,0
e3e9f5ea-54ef-43ac-be85-f93d4493cc70,0,0
426dbd5b-c88d-4a9c-a493-7ef843c248e7,0,0
1d5d60e6-e746-42f7-8896-c0665c661dca,0,0
8a0c10cb-12f5-4b3b-b23d-161ebadce632,0,0
4dec1a0a-86e5-4b45-83c4-b24c32c655bc,0,0
42ee2909-7aa2-4e44-9d96-214b6cc48182,0,0
0fd5af97-e7d9-4be5-b9bb-8daa12adc0fd,0,0
44b72d22-3306-470a-85a2-3dc67d673e77,0,0
d49a82b1-3813-47d2-900c-628539ff6ce2,0,0
85bdaa49-7c74-4c03-815a-c35f9b8b83b4,0,0
50b74caf-2b1f-47e5-86c2-984dd563b68b,0,0
63fb5264-7b8a-42d8-bc97-8fc227a8ef22,0,0
8fd15299-1673-40b1-961c-0f9e31b66d27,904,"1,339"
7caa2f57-d60f-4f83-8376-e5421edd8c75,0,0
013c630b-d2ea-4965-8558-e164e9fc98a7,"1,344","2,801"
ae84947b-4f6d-485f-bf50-f374b183ff38,"1,457","1,709"
51f01393-69a9-4dae-9bc8-1478470dedf5,0,0
8272562b-3e08-47e1-8509-7747b662e98c,0,0
c4fb8536-0f67-4a4c-bed8-7274f31ab550,0,0
ec8fe184-0a9a-47e3-8124-ef4040188afd,0,0
cbbe00c7-e328-4c41-b4ea-ffd8964e4e2f,0,0
e4b728f7-8736-4da1-afd6-90eda447e953,0,0
3f710ef1-1ff1-49ab-9111-1304b85936bb,0,0
ade36a59-637c-48f0-999a-9f62babc53e3,0,0
f4ceb45c-e30a-4c55-82be-9cf742343b72,0,0
7eb1d6ec-57bb-4c57-8760-c32b597420cf,0,0
80061bcb-cc4c-4ccf-904e-0145d8b6bb94,0,0
1596d874-8a1f-42ec-89ba-8d003e0de318,0,0
dd49a705-7dce-453c-b4a4-0341afa7abb0,0,0
3d1a11fd-04cf-4d42-b378-ffc4b1524e5e,0,0
23fa1b18-6683-4962-84a1-aec22f114adc,0,0
40647e12-eb2a-4534-ae48-ce2c4d806221,0,0
3ba6a430-42c0-42e8-bc29-d6b4d73fdb57,0,0
c8f964f3-6dcb-4327-95c0-43abbe0ab350,0,0
3314738c-6015-41f7-8d14-4046d7254e61,0,0
46c7cfd8-3289-4ee1-a184-03765c4a35f2,"1,440",123
4269ce8e-9452-4c4a-87cf-512bf3b49c4d,"1,319",211
31e4b13c-8cd7-43e7-a99d-ea2edb3817fc,"1,088","1,621"
0ea49718-160d-4792-90fb-6f3eda9c1a71,0,0
edc0baa5-a8cc-4f8f-b8ba-19b6ad4b773a,0,0
f9924b80-e3de-47b2-a839-2498b1e69439,0,0
d53ba0da-bb01-42cc-8e70-afcaccd9fd72,0,0
db612f49-d686-4fca-902b-61277ff44191,0,0
494a110b-231d-4814-9e4b-773cd559aa45,0,0
ae02b40d-b5c1-4f2a-b0a1-ada0718f93c7,0,0
123592a9-384d-4d94-8b22-12e1b32cdf8b,0,0
6ec60c75-1a6e-4d37-92fb-9fe5ff7cb95d,0,0
fda14767-aead-4b80-8dc6-e2f8dd17b83b,0,0
334c50bf-f99c-4a1e-b942-4317b64ebd3e,0,0
54321997-f6f2-4cd3-b7f8-81f05b0d4af9,0,0
487523ed-0b24-4cb3-8420-1205e400d2c2,0,0
f962ba2d-f928-4cfa-b0a7-960b41aa0f5a,0,0
77561def-2b0a-4e29-9f84-c9db8cd591d7,904,"1,339"
d374d28e-912d-422c-b28d-768601a44df2,904,"1,339"
82d93e1c-e6a5-4c0d-92de-9c6d30286155,0,0
afc25503-6802-40c3-8c84-ef2571e14cd0,0,0
c8a08f38-28a0-480c-b8cb-c39884590d7e,0,0
a6360bfb-d8d1-4637-877a-c75fb157baa7,"1,375","1,269"
7d31d5e4-08f2-40ea-a80e-3dad47e609f4,0,0
4d98a14c-8023-413e-96b4-b3391226939f,0,0
663d2635-6696-4830-82b2-6c20adb0e3c9,904,"1,339"
141d0a1e-c36a-40b3-9f15-f2508b548328,0,0
5bf515b9-c831-4032-9c4b-67cd77b88e9b,"1,415","5,955"
5b4ba41e-f1c3-4bc2-8e5d-a76527283f9a,0,0
27112e0c-7fed-4d0f-9611-e6528a312495,"1,421","2,361"
b77b9761-795d-4c69-bcbe-d55464c4ce81,0,0
99d8aeef-7440-4a41-8baf-d90c419cee19,0,0
f8b7ad23-645d-4b78-b083-0517cef43d34,0,0
cdcec846-1a5e-4c42-b875-4d52037819e5,0,0
25a1411b-36f7-4365-9ffc-ed52f0b12a77,0,0
c73e876d-898b-4efb-89d5-46062f52889e,0,0
37dfce9a-28ae-43f8-b933-c5b8b7e3e418,0,0
56d07755-bad8-452c-b9fc-0c6a8ed19ec0,0,0
3e246306-9b38-4536-aa51-cd198e58fed5,0,0
1565fe7e-f595-4ec2-aff7-95e95a7178ac,0,0
da40de5c-98e2-446b-865e-9d8a92f10b12,0,0
4bcc9347-80ac-461b-a69d-771dbe6cd941,0,0
3400e0b2-7167-421a-85c9-b40af239c1ec,0,0
b600b2b5-d558-47aa-9d55-7c8d1f033aed,0,0
dddc149f-9e6f-42a4-a813-ea3067c875bd,0,0
7f32bcb7-94d6-4a7a-948b-a92a23a63038,0,0
581d015f-db40-4349-a42f-36369db6365c,0,0
cb3b8af5-ef82-493a-b223-9c50e7d2599a,0,0
311c1b1e-fcf5-430e-ba5a-8152a14a696c,0,0
825ef487-725e-43ba-b207-ec47d5412e1d,0,0
597c47bb-f7f9-4f6e-ab6f-5181419ad36e,0,0
21d5907a-b169-470c-b7dd-28ac7d4d90a6,0,0
b7b2a211-df94-4ce3-903a-78c50e43e712,0,0
1d1b9982-362c-4488-acef-cfe4bd284d7a,0,0
921ff4ce-8596-450d-a2fd-1a73c757006a,0,0
6fd4b9df-5fde-4176-8801-5ce7981db152,936,440
ef0cf768-ff32-4cf6-997f-a5e4fe9718cc,936,440
58b204f9-ee1e-4609-9909-d0a85b6961cb,0,0
546e48dc-1ee5-4022-bded-8cbd4af582f3,0,0
b8a25642-c2bd-4494-8df2-ca20d8aa8f06,0,0
0f2576a0-b028-4fb9-9a9f-d0062770c721,0,0
e7af3bc2-069c-4e57-aff9-99063ab19a4e,"1,457","1,709"
a32465d7-0e6f-4323-b7bc-9f0a2931f407,0,0
6b0710c7-34bf-43d7-8b2f-d9e71e7b5bb7,0,0
1a18fdcc-8d98-4a7a-95db-7dc9a4fc66c0,0,0
00d5330a-9226-43fd-b922-b330374f1022,0,0
abd4c7b0-30e2-4a8d-ad87-78b74e3f2609,0,0
40e9ab28-7dda-4d10-a721-adc1cf6a81fb,0,0
095320b8-6cf9-4710-834b-684747a834f2,0,0
dbdd5527-4b69-48ec-a807-13830ec96b21,0,0
bfb565a3-2003-46d9-a6db-7de7f1336557,0,0
3c433b48-f18d-4d3c-9087-54d67cb9a84a,0,0
957a91da-d10b-4fb0-aca8-1ed5b4b430e2,0,0
8ba1aac6-1f4a-45d4-a054-1780470cc11f,0,0
d58b85ff-bf90-4afb-a434-fa53a9251e30,0,0
63cd3173-2c94-4b09-b06c-56b5c101b462,"1,344","2,801"
c296be93-1e94-453c-bf55-cfa2bf1391b2,"1,344","2,801"
0ed3322d-74e0-40e4-81a6-3ee1741957fb,"1,344","2,801"
eea4ff5c-fc6b-493f-bac5-1292cd489819,"1,344","2,801"
4e8cc040-2d14-4cf5-b88b-af3c19d6cb62,"1,344","2,801"
0f3bda54-43fd-427f-b3a7-d1d2573f358c,"1,344","2,801"
3e9d1ac4-5fa9-4fab-8a99-cebca54f3f87,"1,457","1,709"
d9469d59-3ee8-4620-8ef8-141dc7b56cd7,"1,457","1,709"
5454637a-fb3d-4a63-b0fe-7abdb86f6869,"1,344","2,801"
ae9c31d7-56f6-484b-b6a1-49967f66ceca,"1,344","2,801"
ff9f79b7-9186-4124-80c7-32436e734b8f,"1,457","1,709"
d2999e0c-947c-4b42-9dcf-75ee7844ddaa,"1,457","1,709"
785ee299-e6ab-45e3-b95e-d940148337ea,"1,457","1,709"
0d12224f-58ce-48ff-9763-dd51cebb925d,"1,457","1,709"
7218bbdd-9f0f-4d53-9dfa-660801919702,"1,290",810
00b5ddb4-748c-4c44-a7aa-f47ef1213b07,"1,457","1,709"
742d293e-87c5-42c7-a5fa-dd8ad0796603,"1,457","1,709"
a7ff7cea-ee76-4657-a23a-e1c989ec3882,"1,457","1,709"
97b325f8-43f7-45ca-afbf-adab5ecf0473,"1,457","1,709"
fcbd0ddd-3ee4-422f-ba03-7519645ba15b,"1,457","1,709"
03025ec2-6fd4-42e2-953d-d7d9465362b7,"1,457","1,709"
837d2768-d4c5-4e24-aa38-9c6e15be3c70,"1,457","1,709"
17c690ea-7e44-42cf-a4ec-eb330829394f,"1,457","1,709"
b6bb0e77-f997-4f71-9f21-1c6f3a85e424,"1,315",511
eafecfcd-58ee-40c3-b0c4-7af389e2ada6,"1,311",88
fd0a4f5c-260d-428a-a07d-8fef7bc97db6,0,0
8cba15ae-e671-40ab-847b-2aec618b4320,"1,263","23,609"
1d9ba415-5369-4176-91f8-8c1074234ad7,0,0
acabfbfd-5cd8-4f6a-b32f-50f4cc99b70f,0,0
49b4f403-2eb3-4f01-baa9-4b685aa0a73d,0,0
7ea620b9-83c7-4791-bd6d-fa15eda42acc,"1,412","2,238"
7c77a7b7-4261-4c59-8ee7-62e08b1f779c,"1,416","1,462"
7de3dfd1-70e2-413e-b834-0ff2cb0f7b5d,0,0
718e796b-94d9-4bbe-bc91-82523689bb7f,"1,327","15,152"
6392523e-67fb-4c53-951d-bd5876f54eb7,"1,327","15,152"
36704da9-8326-4b14-93c7-319517d87872,0,0
b42d8c1b-d866-4669-a1f2-9376095889b3,0,0
ce208d89-280a-40e9-b9e7-52c0318de2e3,0,0
88c513ea-6dc7-4123-b72a-6441dda06db0,0,0
086688ad-be6a-487f-8ce6-9bf63e7214e0,0,0
60d488f1-a6db-47e1-8abc-bbe979a10b1b,0,0
f0651933-db04-4e09-be20-3d95de581bf1,0,0
b400d49e-5512-4d18-8d4d-de3d2e9aab09,0,0
d775a21c-5704-45e0-b9a0-b874c167ee49,0,0
ee31c95b-8cad-4441-af72-775d68b8a2ae,0,0
a99d02ab-4ad6-4b58-8f3b-34bc0a914f1f,0,0
f66331d8-1bf3-4e34-bded-815d105f51bd,0,0
85728e87-2d95-4fca-a0af-393e07d3b838,0,0
aa92ca24-2d6a-4fce-a04a-d27483032146,0,0
23dea3e5-3ec7-4260-855e-ae7c47ac5b6d,0,0
73a588c3-8afa-4bbf-bfa7-84e6874f59c6,0,0
018b8917-30d2-40fc-80cb-75bda813e081,0,0
c714a65a-dd2b-49e1-9282-c6bbd2c65c7b,0,0
55a5d7b8-f960-4de9-83ff-faa8a764a573,0,0
3ebd4b68-ef4d-4ffb-8ce7-ae3b27810830,0,0
7a1fd8d3-6cc0-405e-8ac9-e17a12709097,0,0
5bc862e7-23c0-48a9-90d0-caab2f4de9ea,0,0
ae422c2d-acfc-4b63-8d39-42cdab9c7baa,0,0
9c5b3335-a395-433e-9f01-4b668ba55a75,0,0
b6e9ec73-c3aa-43b1-8e90-bd6fb5113097,0,0
15515334-c1eb-40c7-9d7e-78349c333a90,0,0
0f97aa47-4029-4393-bc7b-63b43509ad8e,0,0
02e22d1a-186a-430c-be2d-23aa38223203,0,0
b6520851-eaa5-48c8-b01f-00b2d847e0f4,0,0
8b7739c1-bf25-40bb-8296-9713fdc1d346,"1,344","2,801"
95500a4a-3fc2-4a3b-a159-1940ce77f449,0,0
465a459e-78b5-4855-a101-d07123d706e6,0,0
dbe7e437-b131-417c-b789-759991355a3c,0,0
aa99a5ba-8618-41b9-9d92-c9ed88566869,0,0
5814767f-b6f0-46f5-8560-86e62ff8d657,0,0
1b2a5b92-ecba-4ecf-b751-0835904b6953,0,0
cd0f6c10-88b2-4648-b8fa-7d1f1f60e341,0,0
585dea97-5646-4a49-9560-e0bd1d07ba61,0,0
74931f7b-989c-497c-aa1c-a96aafc86c34,0,0
c144ddfe-556d-4f6b-bd54-d55afe2eb37b,0,0
2c9b9a90-5984-4e30-9f6a-f7597d9213d7,0,0
c19b4e2a-ea1b-4813-ba45-a8d86ac26349,904,"1,339"
df9a8602-9fd6-40f7-88ab-ada8f22aa820,0,0
846512e8-c67b-4cbe-a395-069bcf86ce51,0,0
cad43960-fe98-431b-b0a5-481cbe5e111c,0,0
8ff2b42a-a274-419a-b009-846fe42a0b9e,0,0
2b8daaae-4393-422a-aa59-134f820cce48,0,0
70110dc5-dc96-4b86-8088-f6acb212a52c,0,0
d6b40dbc-162b-47cf-aaa9-8f79361466a1,0,0
0d4a1e71-312b-4a0e-9b35-bdb0d5a15ab8,0,0
bb0110e0-884f-45da-a3f7-5861fb3f32cc,0,0
ff70bc0b-8c16-4d07-828f-83648f001f73,0,0
d3cf7c28-7d81-4eb6-b62b-f6ccfca6bed6,0,0
7d54b1e4-e178-4236-8bfd-58077fda864b,956,669
eac290f2-cec9-485b-83fa-0696e4309692,0,0
970702c4-3693-447b-9f24-f004552735ce,0,0
e19f7789-9e75-4398-9667-20f545043fed,0,0
5f94cd5f-c6f6-4bd3-b65b-fbbc697412e3,956,669
e7dc9772-82d6-41ea-9be0-b7f26b59f289,956,669
a7f9f72b-d7f0-4e5c-8a1a-c92a1aef79d0,956,669
98bc7ba1-be8c-4d8b-8574-bc379e62d68a,956,669
3073a303-a7f7-4922-b0e3-8555156b3ee1,956,669
087eaaf1-1842-4eef-9751-509fe694dc11,0,0
b7f6a531-1ea8-4075-a8c6-782b72afea92,0,0
77fac957-e375-4478-a712-3de3c549e431,0,0
42c8cb88-ff4b-4638-bca5-a087c9a952ec,0,0
8c7abe53-4e01-46dd-90da-e12ca9110ba8,0,0
6ab4633c-9071-4abd-8f79-420ce9216c06,936,440
c68b1358-7673-4d97-a560-53ec9f096d28,936,440
17f135bc-8eba-447d-8542-f8b348abe0dc,936,440
9ffae55a-30b5-4224-a2b7-4a6a569b4622,936,440
1199a567-9924-4f2e-9a7e-44a7d8278491,0,0
d489aa6e-1ba1-4fcb-a32b-05119fe0f6e5,0,0
eb30aa92-ca83-45ba-abe7-686b9007d3e2,"1,344","2,801"
4b912055-dd2c-489f-8eea-5de5432995ea,0,0
fbb932ed-0b70-40d0-b53f-296c01da8ab1,0,0
1eb4ad85-e89d-4088-9f3a-f75434b33564,0,0
ef05375b-6522-4087-8161-a0df28dc0387,"1,344","2,801"
530af223-3159-450c-b65e-595a2ea94222,"1,385","1,868"
931d64bf-9c8a-4fd9-adcc-6a5a33b96c65,"1,344","2,801"
2ff91e52-f845-4ee3-8c6f-6c86eb04086f,"1,344","2,801"
a440d76a-d5ed-4f17-bc6e-cf43f4560039,"1,344","2,801"
c59c852e-ada8-47e1-9c62-a8a8ed2082f0,"1,344","2,801"
683c7bdf-7691-4f30-b794-28971a383db6,"1,344","2,801"
b0ea91af-d6e5-4664-88d1-82c105d3ebdf,"1,344","2,801"
8e650766-912c-4a49-b201-399c8732abc3,"1,457","1,709"
239deaae-47ae-45bb-81c7-ebd215cea249,"1,457","1,709"
58ad5c9b-596e-4e98-8c3d-fa65c4755809,"1,457","1,709"
3038136c-c216-45fa-bbf2-c0095147c0cc,"1,457","1,709"
f7af7edd-945a-409f-bbfb-da4ee9292507,"1,447",511
d4d00849-5880-4f6a-9e4e-269d251585c5,"1,457","1,709"
f527215d-7d62-412e-91a3-9d87ac03ee29,"1,327","15,152"
04166750-a9ff-4e33-8866-b49451c8e5a8,"1,327","15,152"
006ecfac-38d0-4377-85cf-43c99019b50c,"1,327","15,152"
43bdd7c4-0679-4f8a-ba07-c96389134d86,"1,327","15,152"
898e9072-300b-449f-bb73-06ba82d084b3,"1,327","15,152"
3ca1dfdb-412e-441a-8cbb-6f37e32baf32,"1,327","15,152"
1ac95523-027c-4556-986a-3ab8d76c1b11,0,0
6ebab9e9-df7f-4614-9ddc-7f11c67fa90c,0,0
8b4e5ef2-38d1-47c1-b158-22151154e633,0,0
9fd6be99-ce7d-4d33-afe4-5e2d9527e5ac,0,0
cc68b638-d862-423b-acd7-dcea1b7c5fbd,0,0
4154451d-a1bf-4ee5-9268-bf0396c2977b,0,0
547630b0-71d6-4cd5-a948-fabc1da8ef73,0,0
1277de06-b495-423b-97b6-cb0fdd7bcba5,0,0
12d42736-1b3a-4af4-8b7d-da57f7ef86d8,0,0
b05b05ab-a591-4b5a-99e5-d474d5cfd4b1,0,0
38d8a8a0-735b-4dbd-9002-08430426ed1e,"1,479",669
07e2bb40-dc73-40c8-8b40-4208aa39c06a,"1,179",669
8ff3c940-71fc-4e29-aecf-69888a43011f,"1,426",405
5c576615-a6df-4158-91a5-fd7d7ff678c5,"1,382",687
e02d1b30-5da4-4f4d-ad53-7a9aceb65fe5,"1,231",599
cd852b78-5922-449d-9ad0-e4bc18cb1090,"1,042",687
4bc623d5-b657-4e44-bee2-89989c6c443c,"1,179",669
44343d09-2678-4bbe-9d16-c06981e7f8b8,"1,419",211
b5a733ce-f810-49d8-9d25-2e8a7b416b2d,"1,181",211
fc63e68e-ea2a-4068-80f3-211dd6a82186,"1,179",669
2eae593e-cee4-469a-bbdc-f7bea67fabdc,"1,396","11,152"
aafea6d6-5a17-49df-9757-59e2dbf633e9,"1,380","2,449"
351e482c-5b03-427f-a1bc-697147e71bb1,"1,403",705
892b8907-23c2-44b3-af81-264fb7a0d35e,"1,512",652
b228e8c6-fc19-4a22-92c0-4a60805f4b07,"1,403",705
eb167cfb-3326-4565-bfce-459fff46b145,"1,403",705
0ed9a991-e34e-407d-af69-dbe3dc8892b4,"1,285",405
d1be825d-ee40-4eab-aef3-cb11889a922b,"1,403",705
3897803f-ca70-4391-847b-fd3c2e9e4d73,"1,403",705
697596ab-389c-40bb-993b-2eaee502afdd,"1,403",705
76633573-b47c-4ae5-a2e4-379c32b4fbca,"1,233",123
041162d3-de7f-4b64-a842-d79cab94a407,"1,426",405
809f6d23-2f68-460c-ae74-947c15925ac3,"1,426",405
f5941c4e-f0d9-4229-a034-cc962bc11ece,"1,233",123
a76569db-829e-45ef-8450-c958269f3522,"1,350",194
c1e772d7-0d17-4a2a-b57b-185e0ad3725f,"1,395","1,057"
af756fac-be2f-4c7c-bf13-96dec6413cf7,"1,393","7,823"
06a734ca-2c84-4216-b0f9-9ec7a40245ef,"1,233",123
b652500c-b8e3-4f92-94dd-e8a0cad871cf,"1,162",70
8921dd69-7b91-40aa-9ad2-6c0f713c0f7e,"1,233",123
9bc7b331-d522-493b-9404-b9d64536db11,"1,233",123
f1387716-2582-4994-b879-bc022d8f5b06,"1,284",106
19942c26-bbae-4757-ac20-4d36f3e31d22,"1,162",70
00e84998-f622-4d2f-9f0c-44bf520c51a3,"1,376","1,092"
64c9dfec-d49b-4eb6-b849-1a7728aa789f,"1,416","3,594"
8623db3c-cc3f-4a20-b915-827d95ecb905,"1,407","1,075"
42ced9bf-a363-4dd5-9769-463cf34de518,"1,471","6,272"
f86a5b93-fd77-46bf-b3b1-014e15764ba5,"1,396","11,152"
3e8eec82-176c-4692-af8c-56a1fd0d2302,"1,426",405
3d7a2b69-43ab-4242-bf26-ac63a797af71,"1,425",405
363b2c5b-5830-43b0-b2eb-7f0ebb0e235e,"1,396","11,152"
7ec02ada-bee5-44ef-a278-31f6e51c6533,"1,395","1,057"
d524b9ed-f290-4e47-bde9-858c1e3d5a8d,"1,426",405
1577ef39-f28c-465f-adf7-701b330d3c6d,"1,507",758
1230b532-ab6b-4949-a6d5-f8d8dafbd960,"1,162",70
f8371112-eb27-4cc9-a412-fccf6b99c2a6,"1,301",282
87717141-a2a5-4745-922f-cef287edbb1c,"1,162",70
412283f5-7b72-4efe-8100-3e7106523cab,0,0
347e5094-f395-49ac-9f30-def3da5c861e,0,0
b7e5fd6f-7369-4e59-9316-47f678780f03,0,0
3668ea81-7923-4573-8912-6406b6f4555b,"1,471","6,272"
df523c7c-7f63-4eb2-a146-eb5213eb4cc2,0,0
9db2fc7b-215b-4b6c-8bf4-3554b955db35,0,0
cb4f83ce-0313-4db0-8679-510e94f87e47,0,0
7d62682c-fa55-4ee0-b8e3-42cace696575,"1,507",758
33f61aca-900a-46de-b736-d28a4ae0dc37,"1,422",881
7ad14aa1-73ad-4724-8bfd-d45b355ada6f,0,0
21339b33-c369-43e5-bcde-0c2dbb2e5ab7,"1,351",352
996a4392-a943-4e05-9a58-c0a94121a9d7,"1,362","5,391"
7828b464-15ff-40d4-98c3-5d557582c6e6,"1,426",405
5f2d3f9f-f0d5-40b5-8383-a39ce927dcee,"1,426",599
9c29538b-63eb-4705-ac11-ac58c78f7d1c,0,0
359fd65e-342b-46ba-b078-7e594f1faa82,"1,371",300
bf485006-b6c7-4c17-ae41-56710919a0bc,"1,395",176
26ce904c-1fad-48f7-bc55-535fafc413e0,"1,372",159
65617cde-b0e8-4e02-a1b1-6fc236128334,"1,508",758
b222f615-4e37-4fff-a6e0-5e1e3ea3e73a,"1,308",176
4d076c0b-2a04-4e30-a244-ced21ffbd049,"1,471","6,272"
3cfea599-0439-43f1-afba-67fdf93029f2,"1,362","5,391"
e1b2b4bf-10f7-4155-92cd-b0adb800c916,"1,362","5,391"
9bcddaa3-eb44-46d6-87ca-471f236579e0,"1,362","5,391"
a7bfc612-26a3-4db7-ba84-89315ab22f45,"1,362","5,391"
a79e197a-e3f4-42a1-81a1-e2050cb9293b,"1,362","5,391"
22c48bcf-2aad-47fe-a464-88580b6d929e,"1,362","5,391"
dc2ce2f7-35b2-4d65-b220-6a1e1b19c34c,"1,398","2,590"
6c166c80-efeb-4008-8baf-a33688b1af64,"1,321","1,022"
6ee86c60-033f-42d5-9ce6-cbdffd86af8a,"1,362","5,391"
62111e94-39ae-44f0-84fc-71f87f228e45,"1,371",300
87bdc491-b09a-468b-869c-24d4185030a3,0,0
79c7d2fd-518b-4531-b08c-ef7d81fa9ffd,"1,363",229
f548c27a-0f49-4667-91e4-e983952ba3ce,0,0
3b07c6d7-98ab-4be6-9b08-069fd0f74cab,0,0
f40b72a4-b554-4423-b3b2-78acbfe4511c,"1,367",669
e6b97e19-9e38-44b5-9cbc-be08c3cf9d5e,"1,387","12,632"
2013eec7-6f18-4bdd-85a5-4078a1358d56,"1,396","12,456"
d6ad55c0-7b43-4138-910b-ae883af342ed,"1,471","6,272"
566a18a9-b7b3-4590-b1d9-d15c24091c7c,"1,395","13,249"
9148fadb-639f-40ac-ad40-b3384fa00113,"1,387","12,632"
1e83b081-da6b-4073-9277-a616d1f81ece,0,0
aa295f7b-ff27-497a-ac4c-45001a1f1c32,0,0
100efad3-450b-4184-9e73-15038aeaa8fe,"1,471","6,272"
c94e2541-074f-4f77-b57b-f0a27d60ebc7,"1,471","6,272"
2d764660-c4a2-48f8-abec-8cea11b923b4,"1,413","1,903"
c5331078-6f44-4ae4-9958-c63a5fc9d4aa,"1,471","6,272"
8dbfae73-19be-46ea-b349-57967249a0cc,"1,400",546
e62fd48b-83be-46e5-9236-94fac538f42f,"1,297",705
8136bf4c-0511-48f5-9ef3-00310f00ced5,"1,471","6,272"
8094a9f4-ff7f-4855-a047-61a58ead76ec,"1,471","6,272"
6ecf266c-2caa-4444-acc4-36ef1911a624,"1,471","6,272"
daf74127-d014-4bbf-8786-3ea78ab65e9b,"1,370",335
ae3f0612-7702-4e42-93c4-4828ef5adc98,"1,341",211
b1b153d4-b647-44a3-b9bd-40cf2bd3585e,"1,387","12,632"
962fb202-b581-42e0-b1da-7d482973c490,"1,387","12,632"
38ccb9f0-92a5-4a8f-8a67-66d0c9024dbc,"1,456","70,473"
884160d2-c43c-45b6-9e68-a6bc23cda90a,"1,403","1,216"
08a675f7-c83b-4b44-b05a-2fe57dfecbd8,"1,388",247
f876e9ac-bfe1-4fe2-8109-7d782b43d152,"1,486",634
c470401d-6adb-4f41-9b07-6eac0d62386a,"1,389","12,333"
326f1763-b75c-4a85-8402-9c3a3cfbf97a,"1,304",282
e6358cc9-2066-4720-89eb-8329102ade6c,"1,387","12,632"
9fb63ff1-b552-44a6-b216-12bff2971f1d,0,0
7d6b6a45-084c-4c75-8549-b2b9d72a1e53,0,0
5e7389cf-af2c-4bff-a327-783b19e10eca,"1,387","12,632"
16beaa14-39a8-427e-8a04-8ccef3b1edbb,"1,389","12,333"
2208bb87-06ed-4fe9-b074-baf894dddae9,0,0
9cf1f61b-1967-490e-9713-af6b151f0d28,"1,392","12,456"
294648c5-6426-4965-9789-429c8337514b,0,0
347a3b68-372e-4735-841b-86dc3d99923f,"1,389","12,333"
e1c4c450-8e3d-4b76-96c1-2f3ea4c3baaf,"1,389","12,333"
20067d07-ad01-4d70-afac-cdef101a0fcf,"1,392","12,456"
ca6805ba-3e4f-41ae-a18a-64fed2fc943a,"1,392","12,456"
7758855e-c0ec-4e0f-98ff-70773f26c558,"1,389","12,333"
9a6eb726-e254-40db-bfb0-221e47e3b19b,"1,395","13,249"
b0880371-35d0-4970-a51a-4018f49d8050,"1,392","12,456"
84961644-9ac1-43c3-a96d-6ce56eff08d1,"1,392","13,214"
9e2cf958-1956-4e47-bbdd-8263ef61f921,"1,392","12,456"
b196444b-3d1d-47f1-b668-57d2ca976d39,"1,392","12,456"
45fa5101-4f22-40ea-b236-0143d7de2841,"1,392","12,456"
2a17cefe-4d9c-406d-9c8a-ecd020919f0c,"1,392","12,456"
32387bb7-46f9-42e0-a0e5-84d93cb0a4c2,"1,395","13,249"
822ed111-78ef-48b0-8ee8-18d616682747,"1,392","12,456"
b0bf0ddd-5a23-4013-b8fe-c8f06319ff75,"1,392","12,456"
166753da-4654-4396-9d01-481b0cbf1bba,"1,387","12,632"
96f4cada-19ab-4ed8-bc0d-9897fc85fc92,"1,392","12,456"
883be7c4-040c-44ee-9c96-8ff5d47a55eb,"1,392","12,456"
16eb603a-703c-4c9d-b688-cdd5d6fdaaa6,"1,387","12,632"
ce4f0213-2b94-4ee0-a41a-751a5eefe126,"1,392","12,456"
4cb50238-6b73-4fa1-9ac4-cc654881ed09,"1,395","13,249"
6d3e136c-7fbb-4e12-8840-d0114d350d09,"1,392","12,456"
6a1a7493-88ce-46fc-807c-5caf0b01f801,"1,392","12,456"
384fdd05-da9a-447c-940b-2e59281c207e,"1,392","12,456"
c28be304-5144-4f5f-ae56-73b52752ce69,"1,401","3,013"
3aff89a9-9b85-433d-b7c5-62e7f9de0123,"1,396",352
67da8545-ae83-4ead-a35e-fff53576eac9,"1,408",388
aa16f2b1-bbf4-417b-81a3-486fa89b9c80,"1,395","13,249"
ffd726d8-c18e-45d2-93df-aacca7dfc415,"1,395","13,249"
e43670b5-f9c9-46b4-97ea-2c524d8f3df9,"1,395","13,249"
7edc2da8-8b98-4ab2-b9d5-7f1510172bb8,"1,395","13,249"
dde2db68-9548-4bb0-be54-c3daf4d8980a,"1,395","13,249"
ce91ccb6-5a06-42c0-8528-ca1058cb3535,"1,387","12,632"
4cb08b9a-82f3-4c7f-86a5-c6a176f043d5,"1,395","13,249"
d7a9727d-d20a-4661-a17b-37b936f12942,"1,491",335
0953a511-76d2-492e-951d-136218746924,"1,395","13,249"
929873f9-4a50-43eb-9e18-d2cb78098339,"1,395","13,249"
6b96c2df-5c0e-468d-a58c-4543e5651644,"1,395","13,249"
5172e4c3-1963-411d-b8ea-046ae0b90d1a,"1,395","13,249"
3a3ca451-da4f-4571-a5af-61c811be4215,"1,395","13,249"
d79b8be5-9676-4732-9c75-adeaa06886a5,"1,395","13,249"
b5c87c43-4551-4954-85f4-5560dd48f161,0,0
e6b84452-a05a-44eb-a3eb-068fde239742,"1,372",493
5a604e51-6177-4a0a-8bd2-7eda66292082,"1,392","13,214"
91173109-a37d-4628-9bd4-50e01a719e14,"1,493",881
352925ad-f7f2-49e4-9625-7e4785014474,"1,408",388
4b021657-110f-412d-b2d2-02f9dfc7c9e2,"1,493",881
9b87dce4-f96f-4e42-96ca-dbea2425566d,"1,493",881
9bfcb1bb-e51f-48d1-be0a-f8ea54886c30,"1,493",881
5b8eaf4a-e645-4685-93ab-c5caeba43b12,"1,493",881
795fd493-7017-4f3f-abe3-22992cc8cdad,"1,493",881
f407fc08-f714-4966-b382-aaf5f4eacb9e,0,0
fae2b2ac-98d1-4d89-b13d-2a09cdc62f84,"1,373",405
34e0ab10-9b11-45cf-843b-ca0cb1e5c06f,0,0
05d91a9d-c4d2-4fa1-9ff8-fecc67838e09,"1,408",634
7f87f3a0-ae03-4f7c-9241-1c0a50c89ca8,"1,408",634
60300f33-f02d-4def-b095-3bfb5e11e5f6,"1,392","13,214"
a890ae12-f81d-4a5d-a10c-fb976032ff70,"1,394",687
530ff4db-9441-4559-a5b4-770b6feb20ec,"1,392","13,214"
0c7b5015-637d-4f5e-9a80-0367d718e51d,"1,392","13,214"
d42149db-6360-4337-b0ac-5b6e2745feb9,"1,392","13,214"
8d73cff7-fa66-42c5-9fca-fc01195b72f8,"1,407",440
d8218240-b322-4fcf-b0e9-396ee417a4f8,"1,407",440
084de260-8d90-4f0a-b517-40061d7355db,0,0
2c91436f-1743-49b7-a5c8-289f823389cb,0,0
8e01b47e-26cb-4122-a0f7-1425c79f7159,0,0
9280afac-9aea-49f5-8478-84ad2499ed91,0,0
7a025afe-b403-4e1b-99c8-dff98a9538a2,0,0
68455386-8f2a-4908-bbdf-75d02af419a5,0,0
9aa36696-034e-423b-9145-e71b89393f2a,0,0
9317933c-6d6c-4d5d-b323-dbb53b1f92c9,0,0
4d778245-1ebe-4e50-9687-677b1aec76e4,0,0
9522d353-0b4c-48a2-96f7-95228ed4a32a,0,0
959eb613-a8e8-4e4e-b2a8-17e24ce258c1,0,0
349f36cd-3b80-4698-8bfa-eec8140bb718,"1,392","12,456"
8b923ca3-b1ee-4e49-9848-c71a2ff3e7ef,"1,392","12,456"
6a68c447-df71-43fd-8073-88df4e951636,0,0
4ad1d289-9a4b-4072-8f77-73e764754caa,0,0
303d28f2-0793-4b5a-858b-7d63953fb78f,0,0
30b38320-beba-450f-8a6a-4786b3c45a7b,0,0
9930b29e-d011-4b49-b0fe-ac4c8b06ca09,0,0
db7f4b01-d00c-4b0e-a6d2-ee323b422d4d,0,0
62f9820e-611d-4987-bf5f-2650e8c4a768,0,0
f12e3627-484a-4aa1-9173-8a3c27afd730,"1,391",458
a98418dc-36cb-4b97-9e76-7c75ad9ea1b7,"1,396","11,152"
ade4238f-7450-4f91-b8d1-d20bd475ae0e,"1,471","6,272"
93fdf7b5-91e2-4949-9743-4fc20aa5e1b8,"1,162",70
74f4d594-70f5-4a79-bd6d-681c4adc275d,"1,336",229
aa38242a-d7fb-4fc1-93ff-08ab42dc8246,"1,162",70
14b169d3-b605-41a3-8005-d49af96a4854,"1,396","11,152"
2dce4dbd-d7d5-4f20-95eb-a8af6b25fd33,"1,162",70
62100725-1ec5-405b-80de-08e648c3f1c4,"1,387","12,632"
c3105914-5fe8-4165-8945-12e35dce14bb,"1,063",564
a54c68f1-a5c6-4d40-92a8-8efc387d7675,"1,162",70
224a9c3c-7a95-4320-877c-f7e28b54264b,"1,162",70
ea715ab9-97e3-4489-91d3-98f92cf93bfb,"1,162",70
9a05ebdc-8f9b-4e3d-ada6-1b6ad207d4d6,"1,395","13,249"
6f666141-d524-436a-b246-d20047c64617,"1,162",70
d91cb7da-40a4-4549-ae51-d661f837f811,0,0
710c6469-ec1a-4202-8d3d-67570cfa394a,"1,162",70
ea7f9431-8b5f-41b0-bf70-409c0ffcd0b1,"1,162",70
b3ecf631-1c5d-4b4d-a90f-df0120358b74,"1,162",70
f0596b91-a312-4d09-96a3-2cd8ae686dd8,"1,162",70
a4f484e1-451e-41ed-8061-d9ca5c0104a4,"1,162",70
e24bae08-3c2a-415b-974a-2c1108df0312,"1,162",70
d086cbc9-6410-49bd-8cfd-29686908fe82,"1,396","11,152"
4e766648-50bd-4afd-9cae-1a4b5bac8eb9,"1,396","11,152"
a3a97455-be78-49f7-bf11-db2d3a289505,"1,396","11,152"
493d7264-9ab7-496d-bc0f-80b38ae1a469,"1,396","11,152"
cb7cc1ab-9870-4c98-8420-726839a2b7ce,"1,387","12,632"
95561109-4d09-4861-bccf-ca8e591ab148,"1,396","11,152"
e01ac082-845c-46d0-ab09-dadbccac85c5,0,0
2c9c23fb-b9de-4301-8ed7-f6bfa4825cd7,"1,387","12,632"
012829a2-053c-45fd-8e2f-dd5f805707d7,"1,396","11,152"
651038bc-d496-4778-a823-d4daefff42c3,"1,387","12,632"
50970fa7-a720-4107-8535-99a0db5435fb,"1,395",176
ef089fc9-17cf-483f-bd88-4cf36a083da3,0,0
80bfa6c6-4262-4727-a7ee-164867a79e8b,"1,387","12,632"
5d23f927-9da9-41b1-bfdf-11baa028f8be,0,0
79e97ad9-2854-45c5-a1d3-797036bae258,"1,410",88
bda4edb7-b79d-4ec7-b20a-ecd31bba7e1e,0,0
c4c272df-d19e-46ce-be57-d3d407f929cb,"1,384",564
9e48dfc8-b52f-4802-a5ff-171f509435a7,"1,392","12,456"
e483a3d6-2cb3-4722-8651-965b946a28f2,"1,288","1,004"
e71183d8-21a2-4d5b-bbd3-326601855d07,"1,354","13,619"
56849965-a621-4db5-877a-105614e6f321,"1,410",88
275b83ea-4434-4c12-87f6-126825b7bae8,"1,410",88
a037ef98-4f5c-49e0-b7ee-4f43df505469,"1,410",88
1347fc73-b031-4c35-bf88-89ab8b2a5076,"1,410",88
19ea8041-1078-4387-8485-ded33f80d10a,"1,410",88
197e985d-9f31-4c78-b43f-3256fa5797ff,"1,410",88
809ca49c-71e1-4825-827f-459914d735b4,"1,410",88
a0bb3887-6fe0-4dd1-8d9d-9aad0b40facd,"1,502",617
e48bd968-36d2-4653-9cfd-193f429244fa,"1,410",88
7db981ec-f1a5-41a4-904f-494ca780015e,"1,410",88
293a9005-8987-4fb8-8507-88a0f1a2ede8,"1,410",88
9989845b-af1a-4b30-baef-f2fd3a62ccba,"1,410",88
d55b53bc-a323-4c03-8282-842634fceeba,"1,387","12,632"
d1bbffa7-345a-4708-b30c-48af9228c483,"1,361",652
455de4c8-34e4-411c-95d7-6006ad0add7b,"1,387","12,632"
212ae596-b572-41d4-ae7a-ae32cabae4d1,"1,361",652
7ac48eee-d78e-4b53-8ebf-5be9fdd8d32f,"1,361",652
5f70d5b7-1a9b-4f1c-b8fa-ad670ec964cb,"1,351",352
b4c28ceb-c8a4-48f4-9196-11f44e12a199,"1,361",652
afbc2e1b-7bca-4489-a063-bfcd7d12a72d,"1,387","12,632"
8373018f-1ae9-421b-acad-caa3d78d5e95,"1,361",652
0e434f87-f0fb-4c79-92ff-04bf8f28cf99,0,0
342623ab-e84b-4578-a677-4725ac62a0c8,"1,395",88
765f2170-9c74-445b-ba1b-ebd3145a7a2f,"1,387","12,632"
8094f283-96d5-40be-91ff-4395fd579a40,"1,363",229
efda674e-e71c-42db-b358-c96bc3549462,"1,387","12,632"
7f68d387-3d13-4871-a163-4e2dc7fe0559,"1,387","12,632"
b245cfb6-2a43-46de-9b5b-5019d00ada9b,"1,387","12,632"
72d7d788-dba9-4076-a602-247547209acb,"1,387","12,632"
ff27bd44-84e1-4fde-9494-570864df969e,"1,468",529
f42d5b16-cce7-457f-95e8-2fb6057552ac,0,0
95c6d34c-a7b5-45f7-9c55-b9a370097424,"1,387","12,632"
a6911037-7d3b-4eac-b5f0-acab612a1791,"1,387","12,632"
0d59d453-7d4b-443f-b6d3-e87e3baee741,0,0
0a6a26b5-43ec-423b-a3a1-7e447a6e3148,0,0
a2544125-e68f-4d53-831f-27df421f5312,0,0
9c2b6874-810b-42fe-93cd-9fe8dc7ab54b,0,0
87ef0e4a-bd8a-4a75-b4b9-1ac84f9aa9ac,"1,502",617
4ed506d5-0805-477c-8ecd-a147fb80ba75,"1,383",581
73d6b700-3226-414c-aae2-b676a352850c,"1,387","12,632"
8cf8c3bd-c7da-42c7-ad6c-9b8dbf2806a5,"1,358",370
f53c8087-439c-407d-940e-3fbef22bd39c,"1,259","18,041"
82db76d1-b7ba-4deb-9aca-740fdc46b9e0,"1,358",370
7712cb47-0dbc-410f-8107-694e9588b251,"1,417",300
9eea92f4-80eb-4e26-b4d7-0bfc3737033b,"1,225",282
57a5eaec-42ba-4da3-a702-2e94d47f7541,0,0
2b9ed396-dce8-4dc1-a647-53408b47da96,"1,497","4,669"
2c2dba6c-26d3-441d-b57a-7b716dfb9dfc,"1,388",229
368f1eb9-e84e-4440-a303-b0ad851978d7,"1,491",969
bf1e3aed-0562-461b-87da-abdc62266556,"1,491",969
febe205d-fada-46fe-916f-81d59fa72743,"1,418",916
b5d894ee-2c0e-4617-b506-b9c3d6a05261,"1,379",581
7ca6529b-be1a-4d8d-8749-025fde15b4a3,"1,371",669
2eef3a42-e6c8-46d0-8f6e-0d9b5912ce62,"1,393",388
2f217584-6197-40dd-91fd-74b6dfb1487c,"1,318",687
64a07fe2-5718-4124-8b18-fb05690bfaee,"1,358",370
30d7c204-db22-4bb7-8f90-6cc3c7eea0af,"1,341","2,202"
ffbea05f-ee60-410b-830c-7f0b85a830bf,"1,387","12,632"
4badfcb1-d8b2-449c-911d-7ba255a604b3,"1,272",0
f47c25d2-2ae6-4186-807b-207352bf692f,"1,360",951
d1078292-2c32-49d8-92d7-556d70fb7673,"1,372",669
6226b723-9322-4137-9bb4-efd37980065b,"1,390",493
a54311a7-103c-4125-a722-071a29e8c0f1,"1,353","1,233"
f43bfa87-9338-4b64-a0bb-82fe88ff5c8b,"1,243",405
cf5b3f9b-c5ea-4111-90b9-67e68986f76e,"1,243",405
6e88885f-b31c-4f7b-a3fb-db96d82f44bb,"1,399","1,092"
44f99727-5e79-45f2-bc86-9c78dcda6475,"1,286",317
c8f2babd-3454-4ccf-97a9-29b7b54f9976,"1,179",669
601b66b6-92d0-4930-81db-6bd80df61da2,"1,385",335
38b1a4c4-1409-41fc-8d4e-59a6024118d1,"1,272",0
0b74e4f2-9686-4a5b-841c-bd2225b51975,"1,272",0
29aaf53f-0ae2-4b5c-8f2f-f49a164481f1,"1,272",0
41785d24-fb42-419c-8228-7d4c4ab3f88b,"1,291",529
4f6848ba-3f76-4b92-bdfb-22f00411ab2b,"1,386",740
7a15e48a-397b-45ae-a6c6-12e1d1a5faa6,"1,227",969
fff88043-b131-4e93-a1cd-7d29be54bce9,"1,272",0
7a40e589-5462-444b-a2d9-d3485877fe3a,"1,380","1,039"
d6248fe4-0bf1-41fa-bd14-3f141ac3c43e,0,0
94a410cd-f9d7-46d8-b6b9-2f34d02ba294,"1,272",0
b15a38e5-39b7-4d0d-8d13-d38ac8389cd8,"1,284",493
ff66a2b4-f052-4e82-beab-3b15cf8acdb7,"1,284",493
ae943781-9812-4b3f-b5b4-e4c57cbe0ff5,"1,272",0
fdda391c-631e-41cb-836c-f4dcaa4ba9af,"1,406","1,727"
4bf554e5-cdd5-4c98-a886-09d7c7468494,"1,425",828
d2a78ccd-56d1-425d-986f-283863ac56e1,"1,431",70
1cbcae36-4565-4ff5-a3be-1f5d23be1208,"1,333",564
0545ecd2-6d85-483f-93e1-ac493594b799,"1,294",70
26e4faf6-35da-48d4-9967-42ab754fa969,"1,284",493
97a9bbce-cc89-4323-bc12-f34f76c90133,"1,406","1,727"
62386083-1044-4327-8162-133f6612ee14,"1,392",511
888c994c-5529-4ff7-8be4-d389858aab25,"1,488",476
45dee774-5220-4246-838a-856007b71edc,"1,407",810
38031ba9-1b09-432e-9f78-03b727b70a48,"1,488",476
db73c6cd-4758-496c-bd09-2354ff60b5d9,"1,259","18,041"
28d57e90-1cb8-4ba5-8a91-86c19e649366,"1,311","7,770"
995a91c3-5582-4a26-8e1d-01f92c4e4a08,"1,311","7,770"
e5f54055-015f-47d0-a1cf-a745faa0f34d,"1,311","7,770"
cc3bee73-d858-4af5-810f-af6a1f435bef,"1,311","7,770"
745d1d96-d5a3-45f9-8b8d-a7ad3dca3e79,"1,311","7,770"
b98484e0-1c4b-4ec4-9c28-db5e5dee92cb,"1,311",440
94901fd4-d68b-4012-ad53-7c4bc496c58a,"1,311","7,770"
fb97011b-d79b-48cc-aaab-11d83c3866f4,0,0
5a5de9ae-2e5d-4220-bb91-0d1dffbb6889,0,0
3868cdb2-5ace-4886-9bd5-d3f3a3b75f55,"1,311","7,770"
ba048e89-0151-4c66-9d6a-5b6310cd0564,"1,111",141
513570d0-f20d-4192-892a-2f28d1fb90f3,"1,359",352
6efee4d6-f4cd-470c-a0a2-3d810a09b792,"1,359",352
8f651c5d-2f62-4638-aa95-cb32502eadf6,"1,323",440
9f9dfe44-b7d3-465a-b41e-b87a76f76b7a,"1,413",388
f574a72e-eb44-4951-9564-4f0199dfa2c6,"1,373",669
4e125a20-1d39-4311-9e90-a9a80d0d0848,0,0
825eb8cb-e7c1-4a04-a2b6-de3746200123,0,0
c1ba49f7-3c9d-4d13-9932-d4b100b06509,0,0
efe765b8-00b0-4693-8cc0-ee85d3640cb3,"1,413",388
5c5f4313-8f82-4fd4-adc1-c1342771bfa8,"1,413",388
e19d23ed-081b-48b0-85f3-eb92b069c742,"1,387","12,632"
23335175-5d3b-4f85-a211-98e5fa965c9f,"1,413",511
56f02e08-543e-4e3a-8bff-55742ff46e11,"1,421",141
90747fe8-38f3-42c7-8a7f-a55299f1fe7f,"1,360",458
050e607d-9dc4-4805-81e4-97c4546f15fc,"1,311",440
8b0f851b-db14-4340-a649-40bb9e630c6d,0,0
2ca05728-0221-4905-814c-994c2043b77f,"1,362","5,391"
707c3c72-4d40-4afa-811c-143f7e787e96,"1,276",687
724a1b7c-29a3-41ae-a943-83416bb7f0bd,"1,377",317
8a25dcd2-cd30-4405-b7ed-f201fb83ece0,0,0
4534f130-c366-475a-b2bb-a83c4ed69b9c,"1,424",705
c6d55ac6-7f34-4498-bc1e-e7f46fa562c7,"1,392",493
4a79840c-8c9d-427e-95e6-f4cf51952214,"1,373",493
489ba1d6-7c1e-4515-b35c-6bd12fe6ab4f,"1,377","1,304"
16568f89-fc1f-4e14-a682-bc1d871af6dd,0,0
b62b6b74-3c50-472f-84bb-a7c60beac3e7,"1,402",705
9cec7088-466e-4ed4-a16b-c5b0eeead9ba,"1,378",476
871f8110-5653-439f-9e91-017ef0a9bf86,0,0
f81e44bf-d7a0-4d44-9033-41b17ec98dac,"1,362","5,391"
99607640-7346-407d-bd02-61f2b7e000ea,"1,362","5,391"
57010e6c-76bd-45b8-8776-2ada4d6b96ed,"1,411",846
4aeb3bdd-b514-40fb-bac5-e7f1348379c5,"1,362","5,391"
2e2698dc-7803-42f8-a1d8-e357cf291ddf,"1,362","5,391"
95696a14-b23c-4b67-b962-a162666cb108,"1,362","5,391"
f2d5c781-03a5-4cf6-8cd4-7d7520eefd17,"1,362","5,391"
b124bc98-d8d0-479d-aab7-4ed818d4395e,"1,397",352
5475e883-91c0-41a3-855a-2c323a9de850,"1,362","5,391"
e7113e5e-331a-4273-b633-6beadf232ec5,"1,362","5,391"
c12c2bd0-f256-496f-ae9d-b9db3fd69072,0,0
d25e170e-65e3-449a-9d0a-2d6b709c0d60,"1,392",493
065e0e1b-6c7b-44b1-bbd1-b77d0b8a41b4,"1,385",617
7ae76c51-db31-4962-8f99-48b386db245c,"1,363",229
2d9c94d4-c6db-4fee-a7cb-aa9a3537b32b,"1,406","1,727"
2ddbf074-7fea-4b4e-972e-721408beedbf,"1,406","1,727"
5b0461a6-2a09-47b4-bc89-e7c648707be1,"1,352",705
b7546928-3350-4a99-a1f0-ca03ab0e8877,"1,241",493
6e6169ff-3f1f-4f3a-9a5d-e074fcf3a0ec,"1,360",458
e3d433a6-6702-434b-9de8-1c909d50ec02,"1,406","1,727"
7219c491-87c9-4cdf-ae8d-d50a51f02568,"1,094",70
50900aea-d54f-4292-aef1-7129a87cbe4b,0,0
df9bdf36-85d7-4321-9ecf-83ab779af268,"1,429",934
0f720448-144b-4ae1-ad9a-386f80ab8f0d,"1,360",458
94e301e6-c283-4296-9b2f-e3ecf8ece008,"1,424",705
7d1eeba6-658a-4f68-9353-7f3808705ff2,"1,389","12,333"
3a87fb8e-5159-4493-a313-248dd030c11d,"1,341",211
3f0bbfdc-f6e5-4ffa-bcfc-840c82c809b4,0,0
45c606c9-73a4-4560-ab0d-241a2163d2ea,"1,306",511
24fa0aae-efd3-4b75-81e6-72bb42053a93,"1,395",335
2b6fba3b-9114-4e7b-974d-69766616a0c3,"1,383",405
2946ebae-42f2-4935-9273-44e61a1a9220,"1,348",581
bba1c8dd-14ef-41d2-aecc-249bb5b26e55,"1,348",581
c19d9ec3-45ae-4aeb-af78-c368aefe7c1f,"1,330",247
4c84b563-7be3-432e-a1ae-6e64e8483641,0,0
c3de6692-74d5-4173-a653-65f996ff05cd,"1,348",581
6a6a3224-6a08-4495-9920-b6290377a327,"1,348",581
60f147d0-1954-4a35-9f4a-6ff40a649e8e,0,0
619d4b29-9576-4906-8a2b-e9860854b684,"1,397","1,163"
cecfe5fd-b989-429d-88d2-31d4d71c07a2,0,0
6705117e-148d-41ec-a33a-e0e9a747ad92,"1,387","12,632"
a813d3cb-7073-45b1-9dd9-87a4b114527f,"1,363",229
56983d16-3fc2-4db7-9c20-34bb3dcfb484,"1,395",335
6b32b88b-9f58-4d02-a28d-9677b6142619,"1,271",810
76fa49d1-c8d8-4611-96b8-336ef01bae63,"1,223",106
eeecc669-86c9-4b8b-861b-88ba8653c9cb,"1,376",564
81634eaa-1e58-411d-a49d-06448da1b8e3,0,0
e0a9908a-4086-4d9f-855a-8f2af59b4d36,"1,297","1,374"
cc015314-d5c0-43d2-9dec-c594428b976a,"1,422",987
066e3fab-6e34-403a-bf6f-02744bf37927,"1,246",0
77ad17c6-3bd4-49e3-ac76-29d65009b117,"1,503",70
bf844b4a-684b-4013-a5d4-67e80ec800e0,0,0
5e621888-1226-4907-8a41-36f4a1ef8b4a,"1,393",0
d5318e6a-cfd0-4f9b-9baf-17c2c5985fca,0,0
992bac19-b048-4f2a-bb96-f7fabb274fa0,"1,393",0
da5259a8-780d-49d8-8ba3-41d1552371c5,"1,297","1,374"
f7eaae5d-4110-45e1-a5a3-70472b3cf96a,0,0
a447d389-e2e8-4947-a9b4-f7613f9c5b98,"1,347","2,837"
e502d24c-1514-460d-8337-19bc6b3dd14c,0,0
d62d5c4d-496d-4b8c-b20e-76d9ff51e63b,"1,503",70
c86dab01-e7a4-4e3f-9cec-2f73301bc9c1,"1,389",264
931c9499-be74-4c47-aa26-f27a5e64099c,"1,297","1,374"
d88e8f80-a206-4c42-9673-1f1e5e790a60,"1,347","2,837"
1e7d8a0a-1c8c-4075-9315-101544073e9e,"1,382",793
82043522-3823-4c83-89a5-29d966a6a95b,"1,479",370
bde0f2d8-7cf9-4378-aa2c-47138bc3ef49,"1,392","13,214"
6b965063-53d3-49d4-8ba1-a846f91890a6,"1,403",176
5ee52e67-0169-412f-b9cf-9dca04651204,0,0
ebb7a821-0595-474c-9994-2bcbc5fd266f,"1,388","1,374"
cc9fc977-3d61-4e34-a566-0d5cbeca6734,0,0
51cffd6e-ce5f-4f44-97b8-72bf8646aa87,"1,367",335
57548ec0-b3d3-4772-93cd-db3521c3da05,"1,396","11,152"
a73662fb-3296-43e0-a01d-217177d21310,"1,111",141
58dd456a-197e-4471-a6cb-c1e0226401c1,"1,387","12,632"
c7c72f9b-bc76-4086-adc0-47c6893458de,"1,407",810
46916a37-6b5f-4114-b6ac-90ce43caf080,"1,397","1,163"
096f7ed6-5fcb-4132-af56-8509d212d413,"1,363",229
9e1b2149-32cc-4c12-8242-61ffc03f9c16,"1,396","11,152"
a73e8e6c-8486-4262-b88c-08b5a8a0006a,0,0
f57b0ca8-a888-492e-8d48-1a17498c92d3,"1,407",810
6edc66f7-084c-4496-874f-e3f36ba97e2d,"1,320","5,497"
1f32f909-b470-4e70-8af0-bd6b3afc0e98,"1,362","5,391"
92b3171b-09fc-4a20-af4f-9f6fc30ca09e,"1,362","5,391"
d740e6e6-7dd6-48cf-8dce-b069b5a48e0d,0,0
6f184794-10ef-499e-b973-d313ad1fcbe1,"1,362","5,391"
13f25e71-99f9-4256-ba03-2951a0c3f741,"1,323","1,251"
b7da851e-8224-46c4-a76c-1aa3086865b5,0,0
8e279917-01e1-465b-8237-d1291578165b,"1,304",300
c3f2fbc8-4774-4b63-addc-f5a4cb5371a9,"1,407",810
a76b9040-dc83-42e0-a942-7c9b9c18d8cc,"1,362","5,391"
7fd27c97-e45c-4870-b895-42406abee4df,"1,362","5,391"
26b94084-0170-4939-af8e-64cb6bddec65,"1,396","11,152"
3ee03973-c5ce-4be3-99e7-e242dc401122,0,0
34313926-cccf-4271-8512-a3aa21cf3bde,"1,436",705
83be6a99-089c-4fdd-ab0b-062f0e5f5975,"1,411","1,498"
fde15903-612b-48bf-80ed-069e295eedea,"1,342",176
2e1793ce-607d-40b1-97e9-3b3bd0f8607f,"1,342",176
2ff96b90-defe-4df7-a2f6-d3a26545db50,0,0
4e29113f-e28b-4577-9764-47530ebeda68,"1,342",176
b92e3be0-c106-48b5-b2b8-437ec3cc0076,"1,363",511
8e43904a-9ef8-4e53-b8ee-62858ac7af21,"1,488",476
da92475b-f921-4323-9669-c67b93278bc4,"1,342",176
429e216e-251b-4b06-95b2-218dcfd0a68a,"1,316",581
38d97040-8455-46d2-86bb-8635b8e002ec,0,0
42666f6f-f391-4728-a480-c4b72f0fe1c2,0,0
90649bf1-2d81-4421-8826-3a1ec5d2e0d5,"1,358",370
728a4409-a8f1-4756-8e17-34bcb4220619,"1,249",282
1dc07664-99e8-4724-9b8e-9a7abfb226e6,"1,249",282
bb3ecd8d-f27c-4d23-b0c6-1fb9e873843c,"1,249",282
c7b29871-7288-43a1-9571-f16a7c84703c,"1,249",282
f9213f28-308c-484f-96e7-688610ad47a4,"1,249",282
0ba16c6f-196f-4908-8624-5018a29665a5,"1,456","4,017"
93613519-e9ce-4ad0-a497-69ed906591a2,"1,400","1,727"
3aad0383-4d16-447b-82e3-61bdae8f659e,"1,187",458
95c3c875-7868-4651-a219-e98b9a5a77c8,"1,187",458
2db39440-c1b4-4d71-a379-18b05dfc0312,"1,187",458
aca6b984-4057-4163-9a98-c69b60f035d1,"1,412",88
8dbf2717-0a42-47a0-8f91-72b06a5f19f5,"1,264","1,092"
ac1c6602-e853-4437-a5ee-ad4a5c43fae0,0,0
d6be2314-9c2e-40bb-8e1d-9354b41f8a47,"1,412",88
2e5090f2-911a-4217-bb07-3a787048fe61,878,159
e9a4546d-6a24-4f37-a297-57a061d7fbc3,"1,138","1,163"
73ad2156-d8c9-4f44-95ac-2160322b3033,"1,319",88
e4f16bc2-14d5-4fb0-8afd-6d8532ef7d87,0,0
0edcdb57-87cc-468d-9fa2-bb032da716c9,"1,400","1,727"
fb1dd244-14e1-4a7b-b6cf-c4b12a89280b,"1,366",388
f7fb486d-fc0a-4c68-a6db-4371c1afcb8c,"1,527",564
9e3862e6-77d5-482c-8396-aed5c767b921,"1,387","3,559"
2ad20920-31ab-4864-927e-96dc11d204d9,"1,319",88
03733e06-8df9-49d4-8ebb-baa1c8bc1544,"1,408",810
587586ef-9733-44e4-bb3c-eac8fc4ef406,"1,408",810
40b81e92-567d-4d21-a5ac-87db656c2107,0,0
4dfdd917-bbc1-4ed4-97d7-86899148cd52,"1,408",810
986195df-870b-4a5e-8531-9597cbebc58f,"1,319",88
6325c2d3-7d23-478c-ac57-b09cd848a23e,"1,408",810
3750c5c9-3694-4f50-81f7-188bab0d2f29,"1,408",810
e7438456-2f78-4df4-ac1c-785f3e75e991,"1,452",722
5f5c4758-fbc5-4919-8b39-3581441bde69,"1,377",740
9ae3a970-2dde-402b-bac8-ff0f71e84ffa,"1,314","1,533"
9139df8a-4245-4c8a-9dd2-177cf3a76d43,"1,319",88
2965ffa9-617a-4362-be48-8a54fd57bbda,"1,452",722
50452c98-064d-4af7-b9ef-ace21fed2e39,"1,240",123
0c5d45fa-6959-4856-a49e-85605c76ae2d,0,0
3bff1786-239a-4007-8a31-cd7f101ec316,"1,452",722
22cfa37c-e622-427b-ae2f-365b44d2c336,0,0
c30480d6-95e6-4e78-9fef-bdf94ab3cb06,0,0
69c7c4b9-c82c-43dc-af37-100af05a478c,0,0
d9c5b22c-58ab-402b-b96f-190120eaba63,0,0
0eb3e359-7fa8-44d6-9e94-dfecfc373934,"1,456","4,017"
2b8949bf-2803-4882-988d-88ef811126e3,0,0
51b2cbbb-9c57-48b9-9d9b-4dc7dcc6a0cd,0,0
b375648e-080d-4cfb-b95c-4bf45a1043f5,0,0
01fa5df2-f571-44c3-bba5-48fd719bdd8d,0,0
b7867a38-871b-41a7-bf1b-a953236070ee,0,0
810d831d-031d-411c-81ab-1a6cccaee326,0,0
5bae9519-92d9-4586-94f5-f5c7da564e8a,0,0
ad1be95e-c62a-4bf7-aa91-46007344da5c,0,0
543f93c4-a212-4fd3-8608-0c99b94f2c29,0,0
65a49f8f-c452-490b-b27e-b28afc2ed41a,0,0
2a29f6c9-219d-49f1-910c-7a5a0264ad91,0,0
91da783d-ec5a-4c0e-bf54-20b747d197f5,0,0
0d32a0b9-7a6a-4518-886f-2007a2228a97,"1,179",669
85ba9f40-4954-4e34-aab1-8f48093cc3b6,0,0
0d739959-b12c-4bf1-bc24-b55c5ff88cce,0,0
31d52434-9ec7-46e6-9435-0833baa7ef64,0,0
3381bcc3-dee7-4205-afd2-66d8b8efa077,0,0
b14962ea-22a7-40fe-abcb-382d7aa08927,"1,381","1,110"
9298de10-9278-4ab9-ab51-d4015e702cd4,"1,381","1,110"
8d11d1f6-bdeb-496e-92e7-57b6ccb05d01,"1,434",440
990c2515-d34b-4da4-9580-55d5180dec80,"1,439","1,269"
d159199b-72c8-4e43-882a-af80978da12d,"1,358",388
fa25c52f-a5ef-415f-b1ca-e24b002fe133,"1,439","1,269"
43eb630a-461a-4307-8cd1-a41016e1ca36,"1,356",335
7ecdbc66-0d0d-4973-bae2-aa5acb171c57,"1,426",846
ec46d919-c24a-469d-bc9f-6a703bbe2935,"1,439","1,269"
c5329bcc-ea56-4b03-8d75-5cc57b6386de,"1,439","1,269"
7e5db94d-596e-4752-b54d-9be70ffdffea,"1,439","1,269"
3404f7dc-008e-499b-b9e5-6f89b0a2728e,"1,439","1,269"
3da1bdc6-52dc-4437-8dbb-3dfc19f26ffd,"1,439","1,269"
f9c604e5-05d4-41f5-9151-236605a8da9f,"1,393","2,502"
659d8356-f7d4-4ff0-abec-bc1ced7d1160,"1,393","2,502"
bf171252-07e2-43b7-94d8-25d73678d33f,"1,393","2,502"
b260a4ad-0d18-42f4-b898-adab53b44011,"1,320","5,497"
2aec06b0-5a93-4bde-a5e0-6abd1a0f6655,"1,387","12,632"
9062d07c-3115-4035-9bd4-ad1d8684ae49,"1,407","1,251"
e5049984-2971-4256-aebd-22415f9b67e2,"1,179",669
cd96413b-98bb-46bf-8af3-de0c7691a534,"1,357","2,467"
0e17fe37-3cd8-4ae7-a247-e6e0fc63097a,"1,179",669
8ed57a50-6a44-45d9-b195-cc153592aad9,"1,388",758
b59ee53b-d268-46a6-b217-ec6935d62860,"1,397","1,163"
0d2e5871-3ec3-4dc3-88b0-f85d90ca4b5a,"1,397","1,163"
f80db141-66db-41e7-bb28-2ee192da61be,"1,397","1,163"
f7912557-54f7-4553-8ce4-c4089187c602,"1,397","1,163"
3b362f77-e740-4bb9-bb84-5a7fc14cd211,"1,386",740
b76e955f-4a88-42a9-8fe1-54125e4abfa8,"1,396","11,152"
d4b1328c-75ee-43ef-9257-a10b013f7517,"1,386",740
6ae55a40-e58a-41d9-8947-aa8d1b7985cc,"1,386",740
2c4949df-6e26-418a-a71b-0857612b3696,"1,386",740
31758822-51e8-45c5-903b-6d1b8c4eddbd,"1,386",740
47e2a8f6-0149-452e-97fc-2f885d9a0f2c,"1,358",370
45184a18-da95-4765-b61e-4fdcc1a002ae,"1,383","4,651"
21c5d145-79bd-4d77-b658-f2b8c5619a07,0,0
71c6af41-e5bc-4593-9d54-2901b049bea6,"1,264",194
2eccf866-e5d9-4414-884f-acf6d38ea4cc,0,0
fe17b085-0603-4166-b6fd-0fef03a4d459,"1,400",511
5f58fccb-ea36-4e4e-9c35-cc017f53b6e2,"1,512",652
40342615-0333-4495-a754-6c88cdffdfd3,"1,233",123
4347e6f2-d60e-421c-a4f1-7c5fd92bfebc,"1,233",123
68feae2a-a289-44db-a6fe-b65b9b8424a8,"1,233",123
514c7bcb-7abc-429f-ab15-34a8df2cdf42,"1,233",123
4693e36f-ef0e-437a-8b45-5beaf09bbfb0,0,0
49300b06-47fa-4c56-9160-e003a6c4b081,"1,233",123
b17dad24-aec4-4d65-8d0b-07616908c31b,"1,233",123
58cfc8c0-cda3-456c-9cdf-bf4768f70ba0,"1,233",123
d8f20123-4777-44f6-8153-5feaaeda275a,"1,274",70
9b246cd4-a771-4ae7-8865-1822abd011dd,"1,274",70
55d2fd9d-4294-4cee-98f8-c275c3deae45,0,0
050d4677-2662-4e38-8181-7b0b8c5d5bcf,"1,271",211
7b673b2c-8044-40ab-bb3a-b9dec299e772,0,0
bce2d1d4-ca15-47f3-a904-95e791c4f3e6,"1,332",987
242af26a-a1a8-4511-92fc-47108b9dcfb3,"1,392","13,214"
e3890fe4-a480-4706-9bd8-50e1ff32dbdc,"1,326",846
77fa153c-182f-4fda-84d6-ef98a7ef6f87,"1,326",846
c1417e50-8d1c-454d-a4f0-9c267c412436,"1,326",846
06d8543f-4ed7-4409-8ce7-ce2c6cf5a39a,"1,326",846
11016a63-35a8-4da1-af4b-8cdeb2ea54c7,"1,392","13,214"
9bf42b3a-3010-4532-b816-bc61aa554e6b,"1,326",846
0276a10e-0107-4ee9-abbc-a3c598398250,"1,326",846
be4485a2-9de7-487c-892a-7c0a1bba7490,"1,326",846
500debde-c5d1-4266-bc28-b88fb581bfb6,"1,326",846
f72be9b0-fe43-4488-ab8b-e3495a9c0707,"1,326",846
6e895a9c-fa08-40eb-9bc2-6104abe16b3b,"1,326",846
de3c1700-be9f-4783-bd1b-5076a2827c46,"1,392","13,214"
92041530-3bb7-4cbd-927c-5e60f4a13e68,"1,392","12,456"
15c1c289-7005-4002-8289-0749024e813f,"1,389","12,333"
a4e2b96d-79c8-4a0c-aef3-d5e2da40a75d,"1,392","13,214"
6bd49c02-1ead-4b6e-91bb-25fc2ad2cf2d,"1,281",70
075fa452-03b5-4891-9970-15b3c128519a,"1,392","12,456"
bde680d1-d79f-4f0a-b766-2859ea61e456,"1,395","13,249"
5b4667be-0f1e-42e1-923f-c16f332ee6c7,"1,488",405
445346ae-dc3a-4214-a941-8e0474aace5e,"1,392","12,456"
3903504b-04d9-46df-8f1d-170f2493b2dd,"1,356",335
77e0d7f9-054d-4824-b33f-5ae3588bd8fb,"1,445",423
5b48a149-f680-443d-a511-a641ef8dac3b,"1,419",211
a55b77ee-d43d-48bc-9df6-92b5455c8b13,"1,392","12,456"
a9f6754c-bf2d-46d3-9ee8-90094a16724f,"1,392","12,456"
736358f2-ed1d-4a5f-947f-c04a280109ea,"1,392","12,456"
741c7cba-6b84-4f78-a57b-73ee823ffcec,0,0
dbe69478-c662-4250-82ee-53bb52d2613e,"1,389","12,333"
0065f3ef-d33a-4332-b911-145298805070,0,0
8390d01e-6db4-48fe-83da-5333c17b5897,0,0
19bb2155-0c45-410c-a25b-b5075684faf1,"1,389","12,333"
b06c7384-8534-4967-89a0-a8322e0abd17,"1,392","12,456"
8dfd5242-dee0-4f04-84f3-90d36126b624,"1,392","12,456"
be666cd0-0569-49f0-8ee2-b6780b108809,"1,392","12,456"
be0dd0c5-b423-4933-a968-df62fd4d2edf,"1,392","12,456"
bfcf7883-c12e-45c8-bf16-5ef94c818b72,"1,392","12,456"
f4baf246-040a-4ed2-aa8b-a788a660e9e4,"1,387","12,632"
273372af-73f6-4ef6-b1f1-d324ae308cdb,"1,392","12,456"
6f338902-c6f7-4d72-b4c8-3a09a07efabe,"1,392","13,214"
32902473-5f09-4c4e-ba91-da5250e05fb8,"1,395","13,249"
b8f270d0-d1bf-49e7-9291-0dd594a46930,"1,395","13,249"
f99285b8-1998-480e-ac66-cc78e2e68fc4,"1,395","13,249"
5b493765-20ea-4cfd-b98a-26133fa6dbe4,"1,288","1,004"
a5409c9f-cc3b-49a6-a1a6-32294ae7bf16,"1,395","13,249"
39887356-4ea1-4e73-8d22-025bd5280d5e,"1,396",352
7f9a65f9-3823-41d6-8b40-c1aebb527bbf,"1,395","13,249"
07288253-fbcf-4c5e-ba88-aced7aba9fef,"1,493",881
a36b39e3-d0ed-46aa-ace5-56d9626722f7,"1,356",335
79655133-842e-4a92-b3fc-bfb8da28daa4,"1,225",106
8526934c-cb52-415d-8d7e-1f1fb92c1764,0,0
b3fa8b11-02aa-41d0-a707-ba5d67759f76,0,0
413707b7-d183-46a2-85fb-eb5f0aa6d885,"1,288","1,004"
87a4e503-dae5-4461-bb27-67851e3597ae,"1,288","1,004"
e1b8564c-0bf4-48b2-b44d-dd75a0f76a60,"1,288","1,004"
8f2abc23-145d-4a70-aad5-73596e455179,"1,288","1,004"
15ab0ced-931a-4801-8835-0338267f1151,"1,288","1,004"
c52b3a16-3796-4142-aa49-dda8450c46cb,"1,288","1,004"
49f1ab56-bf8c-4a2b-a040-158aea839a5a,"1,288","1,004"
3e238ef4-2c74-46e0-96f5-c6e83f1494f9,"1,392","13,214"
c9494845-c148-4cd4-8c3a-86f5c13e25b3,"1,288","1,004"
48e9bd7f-a74c-4e98-bb54-507116bcbc87,"1,392","13,214"
af3cc708-d58f-4c17-865d-ed046aaebeb4,"1,225",106
d702b26f-e9d2-49cb-b672-3d1e9e27fd40,"1,225",106
8638f8cc-9e56-406d-b169-c2eb18a4c306,"1,225",106
4bbcf062-52d7-4642-8ba5-ce5e9de45db0,"1,225",106
a2ffafa4-fca2-40ad-8ea5-47902fd3ff9f,"1,356",335
e49a8458-813a-4277-9e5c-624daa4252a2,"1,225",106
32aeccb5-fb08-4746-ab5d-bf9e63323ff1,"1,219",352
48ad774b-e400-4cb7-b7a6-c46ebcf2f49b,"1,225",106
a2bb8dfe-27ec-40b1-89d8-9ef17508487f,"1,225",106
8e655797-ce5c-47ef-82fc-ec69882bc6a0,0,0
3c023657-3ba9-4f2c-9ab0-459c632dc6ea,0,0
b4dc74d6-dddc-4e46-b63c-4a9b7f58f008,0,0
d16463c8-3a42-4fbc-9d03-b32ba5398491,0,0
d438e996-eefd-4fc7-a6cb-47ab9b440c57,"1,356",335
e7dc9d33-235a-421e-a419-8119c7c1563e,"1,356",335
22b69586-2ab7-4ac2-a00a-36b803bd7c8e,"1,414","1,304"
4f3d4c2a-c651-46be-8a10-0b3b55e11611,"1,356",335
525ef0df-ab53-4e36-a8df-5b4e766a8385,"1,387","12,632"
921cbb8a-6ae4-459a-92d8-2b0cba18de67,"1,356",335
4b602a15-4638-4ae6-b163-03a8c88a747c,"1,356",335
d228d686-d0dd-4ba5-af36-7e250731881c,"1,356",335
0e86afd6-0a7c-4fd4-abd2-fdbd09672477,"1,356",335
ce7e9199-1c98-4ce8-939c-09800f53d94e,"1,396","11,152"
a024fde1-1e1b-4578-a80b-3f0bce0b4cfb,"1,456","4,017"
a1251cfd-db67-492c-af1a-813d43ca35c0,"1,396","11,152"
37f8b820-8e68-4cfa-bc21-e96e75cdbee3,"1,396","11,152"
dd4fa8e4-162e-42da-a9cd-2b6780ced821,"1,342",581
8071135d-15b8-4364-92b3-dcb3ef87abf7,"1,396","11,152"
b8179bc5-262c-4888-9171-009459a5930b,"1,396","11,152"
74b8c739-2896-42a6-8eb2-35bf0f67db14,"1,396","11,152"
054f0ad6-ed85-42b6-b3f6-6343e457f9bf,"1,396","11,152"
31513ce3-9924-427a-9895-7c59766dc0b0,"1,396","11,152"
23436d6c-f6d3-4a64-979c-643a7a9ca6d3,"1,396","11,152"
a24899bb-714b-487a-b5ca-a39ac5c00507,"1,342",581
9aeea3ad-8175-4a5e-b83a-88fa6572ab0e,"1,396","11,152"
eca98033-0f5f-41a3-a0cf-ae0e9abd7969,"1,396","11,152"
d6600413-3a4a-4373-aabe-8bd0c89e12ed,"1,396","11,152"
ee88809f-a8d3-4649-8f4a-dc5a4794e6f3,"1,396","11,152"
f09359ad-6837-41a5-9a34-4e6dd0624e82,"1,396","11,152"
407ac368-cf6d-4d2a-88d6-1679a0956ac9,"1,403",388
dcdbb474-d52a-4981-bb71-2463325fda2f,"1,396","11,152"
dc9310e6-f832-4514-9cb8-104bc55f086c,"1,396","11,152"
e4cea78f-0551-46ca-8de0-0d1c0706c061,"1,396","11,152"
dd7b25a8-eed9-4895-904b-ee72f0f965b2,"1,361",652
c3b081bb-4902-4acf-a2c4-8bd95acc22a1,"1,374",300
2fc25157-9f56-4f9a-bd90-67e4ddbf4d4e,"1,361",652
9ee83502-93b0-423f-92e2-104aada12ae2,"1,395","1,057"
2add2199-e63d-4f38-9503-0fdd33ae972c,"1,396","1,427"
4f56926e-f0e6-43e9-99f9-460344f0b80a,"1,342",581
27c435b7-c284-4d4e-9132-7fabcaa0929e,"1,111",141
ab992216-8e94-4d1e-95bd-dc1bdedae835,"1,471","6,272"
1e381e07-1565-4027-b810-fa3991f4598a,"1,419",388
0acc93dd-525a-4a3a-a8bd-5e12cea1b673,"1,390","1,639"
3b436e05-0b18-4cd8-8ad7-c62b4a89bc5c,"1,387","12,632"
a2e6544a-4554-419b-99c6-57e3121ba748,"1,387","12,632"
98df61a8-95ea-4372-b6ee-b482c8717d64,"1,387","12,632"
44c91242-9d05-4ab4-a416-51c524e0b09a,"1,488",405
f3a0914d-d6fc-4764-8199-0f9ef23366dc,"1,392","13,214"
532dd588-f83c-4052-b86b-2b70847dd469,0,0
a7c0af8d-ce0b-4cd5-8d7c-5240b8ba0df9,"1,471","6,272"
1a26aa0d-5eed-4eca-852c-9e88e8feacd2,"1,342",176
ca4f04de-87a8-4234-8cf5-eecd3f67da28,0,0
721b0b76-8683-47c3-8d11-b5a539723ff7,"1,388","2,449"
104eaa7e-766b-43a6-898c-5abcbac35ee5,"1,471","6,272"
c4ec157d-881e-4f70-b526-a9e4dd8195e4,0,0
6ee570ce-b8bb-466d-a25e-f6d5409b9da5,"1,363",511
c7c0df2a-17ab-404c-b7e6-8bc4eab03cdc,"1,418",828
9839e2a9-72ea-48b5-b033-d63ba55fad17,"1,372",159
c2a54efc-9bae-4480-a513-e7e5ef7c27fb,"1,398","1,039"
cfbb47eb-da16-413c-86f6-c31d868d6174,"1,363",511
cfccea3a-7fb0-456e-ba04-5aaadee6acbb,0,0
7c8972e8-fccb-496b-af50-7f679ee9359f,"1,471","6,272"
2dd1e3b1-8ad4-4f25-b300-ac082a63ea26,"1,325",405
4a2416b2-c668-48d2-bfdb-7c946afb39ba,"1,417","1,374"
4a986f00-7a5e-4ab3-9333-77a75eaca211,0,0
b2bb68d3-640e-4a0f-ae2d-5df1f03a237b,0,0
a4daa9ea-9c4c-4f23-98c4-51cf6448c12d,"1,243",405
048bf531-87af-4373-bd10-be1d588e9bd8,"1,450",123
f5e1c3c5-e83c-4e03-a952-b8fccf9c1959,"1,450",123
833eea38-7b31-498a-a793-55eede7d0644,0,0
2a4f2ef2-f44b-45ff-884c-4efba7af10d6,0,0
0ff1899d-de03-4a59-8597-0bf68b267863,"1,381","1,110"
f6e8caa0-168f-47ea-ba39-f87d4d5ae384,"1,387","12,632"
8f8a5932-504d-4524-87bc-cf67e5419d84,0,0
9d20ae18-ea68-4cb1-8626-aa59994cd119,"1,351",352
d4e64de6-9084-467d-91f3-73cddfb00de8,"1,389","2,449"
c7aded9f-c5ce-423b-9557-fb924eb1d824,"1,377",317
f215cc61-2e92-475a-96be-a6f949f33a81,"1,420","1,462"
58e3d7fa-ace9-4c0c-9fe4-9cb49fe80413,"1,392","13,214"
8330cfdf-97be-4e00-9092-2499213d9f24,"1,383",511
d6580d40-7b8d-4f36-8353-f3b3b5ec75d8,"1,471","6,272"
e16ccef9-cb56-4257-9b63-935dad61c246,"1,243",405
5c46dff9-231d-4811-bae0-a1da01761942,"1,401","1,180"
a2665d81-15c0-4500-8616-419b8c20c8e6,"1,455","1,462"
fa015567-1964-4c1f-9013-82d45a8852db,"1,249",282
3b5e58c4-7f01-449c-87ae-9753b3a19b78,"1,249",282
4e85d3e3-f8dd-400d-90b0-8eb8d759dd91,"1,249",282
d46d2feb-b7e3-48e6-962f-fa1fc43fba16,0,0
84749f15-2a7a-4a1c-a299-24cafe7b64e9,"1,385","1,269"
430cfd97-4091-4210-af5c-fdd85943963f,"1,397",617
e7aa86b9-7731-4ccb-800c-20ffcb6a4116,"1,351",352
1c699dbd-13c4-4243-9d3f-e2b342ffb827,"1,479",669
e8f515e0-2a8b-4982-80c5-3f9c5a99f6ff,"1,249",282
d204870f-374c-4f0c-8f4b-5c9f2221da01,0,0
3a365508-6e23-41ce-97f6-dc19f4a59124,"1,397",934
29ca218b-8119-4698-b4b6-fa2eca18afc7,735,176
dc296fa9-5944-4e85-b708-87789134ee92,"1,420","1,462"
b564c7f8-cdfd-4db3-a9a2-bdf3eee79f6d,"1,395",758
6ff42c71-4525-43cb-8b9a-f2c7d95bac5c,"1,373",264
76d712eb-8edd-4b48-99b9-839bac002f50,"1,389","12,262"
fd8d2e67-4d10-4e96-b43f-8abeda13fe30,"1,396","5,902"
3d319f9a-ca88-4fbe-a68b-d260076ffa86,"1,495",969
9d0379e9-88e1-4831-8dab-b28d96c23fb5,"1,400","1,727"
fca3938e-dd8b-461c-8537-810b62496b60,0,0
9888bc43-d84d-4c43-820b-62c503802f25,"1,488",405
5451568d-2be9-4228-86f3-8b3f25817cea,"1,400","1,727"
d4d1ddea-dcc8-48d2-81ab-a10a9cc6dccf,"1,351",352
83c69066-3bd7-42f2-87c6-e41939c49e9b,"1,471","6,272"
5c298e6b-110c-4803-a67e-cf11668bc8aa,"1,471","6,272"
8b4638e1-1743-4bdd-8255-72f31455b981,"1,471","6,272"
21bda005-a547-4cd6-939f-a1765fd90980,952,581
ad3bacc1-df00-4014-8706-c67b21b55198,"1,356",564
5bcafd79-935f-40ed-8b0c-dbd5969936da,"1,309",317
b0f76c8d-a26d-46d5-ba33-7ff7d477aa46,"1,249",282
e272511b-eb04-4576-9fc8-6dfc6b7e0588,"1,187",458
d9dc9cab-8dc6-4649-8280-146fa38cf008,"1,425",370
86b27727-0201-4863-af91-865fb4288a4c,0,0
62b8a167-b38e-4621-a63f-8e9e0c3e0078,"1,187",458
e22e67a0-9f19-4ab2-ab4e-4d6a1c20f20e,"1,388",722
4b137e45-5430-4dae-8960-b243a63e3f7b,"1,187",458
b0dd5c9d-07f9-48ff-a3ab-f159ac6fc798,"1,395",599
f6c021cd-130e-4ffe-b76f-4b3457b9f3cc,"1,179",669
734ef7b0-7f07-4274-bbea-f6781e5e4d32,"1,394",899
dec05368-382f-450a-908b-20e31541df65,"1,492",758
ae6e39dc-2006-4b24-ac19-3d34e87d363a,"1,377",317
804cf4f6-77a5-473e-9ce8-11402c64fde5,"1,492",758
f265bfdb-d805-48ae-ad2d-d900f72725f4,0,0
650f7e33-fbb7-4777-aac0-9b2ef053abba,0,0
6da8e51b-5f7f-4494-9903-db6bfde957f5,"1,385","1,022"
f92178d8-e053-4400-89af-155fab20e0be,"1,471","6,272"
126164a0-4aa7-4196-8539-f01aa450c047,"1,416","2,149"
824f51ef-6028-4d61-b27c-8ae39ac0d7c7,"1,387","12,632"
987c9c41-50de-4baf-bff0-8db78096928e,"1,385","1,022"
de3aaa2b-7744-4006-9cf7-e9afb2590ab8,"1,471","6,272"
f8acd072-0e6d-4dbe-806e-8f782ae31305,"1,377",317
0c6e816e-fd67-4211-b741-87ca7443f9b5,0,0
c976f55f-2b63-4c0b-88f1-2ea81a2ded90,"1,138","1,163"
d5992033-3914-4ad3-b864-10f997dc3016,"1,380",159
82157202-4b8c-46b7-ab16-98568fcd599d,"1,434",828
593c5ac7-f979-4b4d-ba26-6ce26845a1ec,"1,138","1,163"
9dd633c9-a493-4f1f-b313-2c8f615fd8f9,"1,359",352
7227402b-ed66-4733-abaa-c9bf36043ab9,"1,138","1,163"
7f0c7400-21c5-4ab6-a5da-840903861b30,0,0
e914b001-5211-429b-9d64-39c5bcc7f56a,"1,368",793
72f8a93f-3952-4d6d-b623-8baa784a6da8,0,0
82780fbe-cd38-42ee-8425-a39d7a3f3f6d,"1,353",652
f1f615dc-e66b-405f-acda-a1ceaf495bd2,"1,400","1,727"
5e94098d-b700-4857-a8f6-39cc55a16af4,"1,366",388
cae7f2db-c0c0-4b6e-b13a-2076680c4483,"1,366",388
4918b18a-eba2-4609-a7f4-dc95cdffaf04,"1,366",388
f91d8f30-2faa-4027-977f-46964df4f066,"1,366",388
e098f63e-8132-4a40-9f8b-b4cce436d6e4,"1,344",388
1ea84e45-0424-45fe-9c0a-1908372073c5,0,0
65459df0-beb7-4ffb-bbc1-d4387b114730,"1,142",247
25d045d8-ac69-4aee-bbf1-9f0ba46c0cc2,0,0
63c792f6-3385-462d-967a-b4d4ce989e62,0,0
550ebc26-3cda-4539-b0bd-862c0a6a77d1,0,0
0d2cc556-eec5-47ca-9e64-45998a7943ad,0,0
02c5ec2e-6bc1-4b0d-b678-0b45e7150f61,"1,367",335
edf44da8-3f24-4c28-abea-9dd50414e3c7,0,0
176a572c-303d-4472-aaee-72e18913f4d2,"1,452",722
1a1908e3-1df9-4cff-830c-ba06040ee0cf,0,0
3022027c-3da3-4ded-8a73-ae8d5bbe8839,0,0
cdb473c1-bcb4-4d70-8867-803faecc9bf9,0,0
d5ec4ab7-bb51-4a46-a39b-a479376fd73f,0,0
2e8400c5-124b-49f9-ace5-461beb3f340d,"1,327",335
1eb1b145-0b4e-447b-9db3-eee6502fa3b8,"1,387","12,632"
a0931745-7371-4637-a082-63d57cc277d3,"1,450","1,180"
706b80ae-1c05-42cc-87ae-0c7b2f6994ac,"1,465",476
c8e964c4-4cab-4b7b-9626-787afe169b3b,"1,471","6,272"
3ee816c7-62f6-4f03-8c7b-005d2e395780,"1,416","2,149"
e7eb18ae-fcce-4841-b434-0c8be971fb5b,916,141
8838d6f7-85c7-4841-bbe1-1497d362e2f1,916,141
bbc208f8-c0fa-40ef-9e79-73752d5b36a6,"1,396","11,152"
26cc18af-7db6-4712-8d67-d6d30d825841,"1,425",211
9f3afa91-59e4-4a97-b5a6-0eea0f1a02dd,"1,350","1,286"
5e903c49-fbf5-4a19-b76a-d02b8d77aba3,"1,158",493
759323e2-d050-44c7-8417-97bb4a2c0c1d,0,0
ebbc41a5-34da-443a-acc7-3e5558553ac8,"1,466",264
c7e8065d-56d7-48ed-934f-b6147ad726c8,"1,403",440
4fe033a6-45ff-4f6c-bb67-c2cf95494f3a,"1,386","2,238"
abcc273e-8b76-4a7b-8cb1-fb16e25d343c,"1,405","1,145"
19618224-9f2c-4294-a568-17ee88970ac1,"1,227",775
80878243-8f79-4838-b312-7ae26057262f,"1,497","4,669"
87ada893-dbe5-41ca-8c99-a35839622e77,"1,343",247
af97a9d0-66c3-4293-ba91-32d1d7f36d15,"1,423",564
742043d5-e2ef-488b-a830-8352b1aee63d,"1,414","1,304"
c45897ce-a385-4f9e-8fe4-0fe41574fa4a,"1,300",423
54e3a1c1-cd56-4498-ac71-a58cc0e873f1,"1,409",159
0fa5e966-b00f-4792-aa9b-a90e61261929,"1,405","1,145"
9a223a99-75f7-4258-aa71-ea9f719836fc,"1,327",335
1dca293d-560a-46ff-967c-7f19f754ce57,0,0
35d8e974-8449-4203-ab3d-3c325f1c5d6f,0,0
0a10ee17-cb29-469d-9a76-04705ad61dfb,0,0
3239a478-92a8-4668-ac12-014c97f8c814,"1,391","6,131"
d21d8ff3-453d-4023-8bbc-981855fbf01b,"1,414",617
9eb1db01-056a-4c54-8de3-87ecdb57d1dc,"1,323",88
be9ee1da-255e-4a46-961a-423cc9c748fa,"1,377",740
508c9cd3-16cc-4df5-b3d5-41008de610b5,"1,387","12,632"
fb7e841c-de04-4101-abdd-11f3dad850df,"1,390","1,639"
43cb575a-2b9a-4dcb-adc5-af636d071e4c,"1,213",546
e63d0165-92ef-4d2b-afc9-e01f0248d286,0,0
ccfaa43a-bf30-4587-876c-34a26d60b0d4,0,0
171a2a72-005a-461c-95e6-397e6cc49f7b,0,0
e06541f9-696e-45e8-98bc-52b7ff3140d2,"1,320","5,497"
7cbe96df-7416-487b-b1a3-3220cb5302f1,"1,128",352
48ec7e45-0b2e-4dd6-8d5d-34d14e712bde,"1,402",282
8a37b53a-3a12-4f6b-b5af-144e933daec9,"1,402",282
27e5a596-92ae-4f4b-b581-33aa5bcc4b4d,"1,402",282
5c39a36a-aaed-4442-b7f0-6f75a2b254ea,"1,381","1,110"
71b570e0-693b-4de8-9fc7-d128bd11d89b,0,0
f99b85f6-fae4-4aa0-ac2f-88ed14b2835a,"1,362","5,391"
7504c972-9880-485a-82a6-523038850113,0,0
d8d63938-7b5f-4c39-80f9-c828b7f0009f,"1,377",317
513b68da-a846-4162-b893-a065ac22099b,"1,344",687
37491ed6-8c5c-4c36-b6d4-6b203492b74d,"1,344",687
fab162f0-31fc-4c88-9967-5c1df645e55b,"1,377",740
b1e65a9d-ca16-49b7-a388-446fb72e6a92,"1,471","6,272"
777069ea-acc2-4c65-ad92-d9e57b1a30ca,"1,491",335
884d6f36-22c2-407b-9fc2-0e454e6983ec,"1,465",476
0db4daa8-8d1b-43ad-a2d9-ecd40418e74e,"1,314","1,533"
63cd1fb1-f6d4-4d14-9f41-3520dbcd67bb,"1,317",194
69a94b57-8c7e-4bda-a822-89c548af29e5,"1,396",352
